Domain,Area,Indicator,Sex,Year,Element,Source,Unit,Value
"Employment Indicators: Agriculture","Austria","Share of employment in agriculture, forestry and fishing in total employment - ILO Modelled Estimates","Total","2006","Value","ILO - ILO Modelled Estimates","%","5.2"
"Employment Indicators: Agriculture","Austria","Share of employment in agriculture, forestry and fishing in total employment - ILO Modelled Estimates","Total","2007","Value","ILO - ILO Modelled Estimates","%","5.5"
"Employment Indicators: Agriculture","Austria","Share of employment in agriculture, forestry and fishing in total employment - ILO Modelled Estimates","Total","2008","Value","ILO - ILO Modelled Estimates","%","5.3"
"Employment Indicators: Agriculture","Austria","Share of employment in agriculture, forestry and fishing in total employment - ILO Modelled Estimates","Total","2009","Value","ILO - ILO Modelled Estimates","%","5.3"
"Employment Indicators: Agriculture","Austria","Share of employment in agriculture, forestry and fishing in total employment - ILO Modelled Estimates","Total","2010","Value","ILO - ILO Modelled Estimates","%","5.2"
"Employment Indicators: Agriculture","Austria","Share of employment in agriculture, forestry and fishing in total employment - ILO Modelled Estimates","Total","2011","Value","ILO - ILO Modelled Estimates","%","4.9"
"Employment Indicators: Agriculture","Austria","Share of employment in agriculture, forestry and fishing in total employment - ILO Modelled Estimates","Total","2012","Value","ILO - ILO Modelled Estimates","%","4.7"
"Employment Indicators: Agriculture","Austria","Share of employment in agriculture, forestry and fishing in total employment - ILO Modelled Estimates","Total","2013","Value","ILO - ILO Modelled Estimates","%","4.6"
"Employment Indicators: Agriculture","Austria","Share of employment in agriculture, forestry and fishing in total employment - ILO Modelled Estimates","Total","2014","Value","ILO - ILO Modelled Estimates","%","4.8"
"Employment Indicators: Agriculture","Austria","Share of employment in agriculture, forestry and fishing in total employment - ILO Modelled Estimates","Total","2015","Value","ILO - ILO Modelled Estimates","%","4.5"
"Employment Indicators: Agriculture","Austria","Share of employment in agriculture, forestry and fishing in total employment - ILO Modelled Estimates","Total","2016","Value","ILO - ILO Modelled Estimates","%","4.3"
"Employment Indicators: Agriculture","Austria","Share of employment in agriculture, forestry and fishing in total employment - ILO Modelled Estimates","Total","2017","Value","ILO - ILO Modelled Estimates","%","3.9"
"Employment Indicators: Agriculture","Austria","Share of employment in agriculture, forestry and fishing in total employment - ILO Modelled Estimates","Total","2018","Value","ILO - ILO Modelled Estimates","%","3.7"
"Employment Indicators: Agriculture","Austria","Share of employment in agriculture, forestry and fishing in total employment - ILO Modelled Estimates","Total","2019","Value","ILO - ILO Modelled Estimates","%","3.7"
"Employment Indicators: Agriculture","Austria","Share of employment in agriculture, forestry and fishing in total employment - ILO Modelled Estimates","Total","2020","Value","ILO - ILO Modelled Estimates","%","3.9"
"Employment Indicators: Agriculture","Belgium","Share of employment in agriculture, forestry and fishing in total employment - ILO Modelled Estimates","Total","2006","Value","ILO - ILO Modelled Estimates","%","2"
"Employment Indicators: Agriculture","Belgium","Share of employment in agriculture, forestry and fishing in total employment - ILO Modelled Estimates","Total","2007","Value","ILO - ILO Modelled Estimates","%","1.9"
"Employment Indicators: Agriculture","Belgium","Share of employment in agriculture, forestry and fishing in total employment - ILO Modelled Estimates","Total","2008","Value","ILO - ILO Modelled Estimates","%","1.6"
"Employment Indicators: Agriculture","Belgium","Share of employment in agriculture, forestry and fishing in total employment - ILO Modelled Estimates","Total","2009","Value","ILO - ILO Modelled Estimates","%","1.5"
"Employment Indicators: Agriculture","Belgium","Share of employment in agriculture, forestry and fishing in total employment - ILO Modelled Estimates","Total","2010","Value","ILO - ILO Modelled Estimates","%","1.4"
"Employment Indicators: Agriculture","Belgium","Share of employment in agriculture, forestry and fishing in total employment - ILO Modelled Estimates","Total","2011","Value","ILO - ILO Modelled Estimates","%","1.3"
"Employment Indicators: Agriculture","Belgium","Share of employment in agriculture, forestry and fishing in total employment - ILO Modelled Estimates","Total","2012","Value","ILO - ILO Modelled Estimates","%","1.2"
"Employment Indicators: Agriculture","Belgium","Share of employment in agriculture, forestry and fishing in total employment - ILO Modelled Estimates","Total","2013","Value","ILO - ILO Modelled Estimates","%","1.4"
"Employment Indicators: Agriculture","Belgium","Share of employment in agriculture, forestry and fishing in total employment - ILO Modelled Estimates","Total","2014","Value","ILO - ILO Modelled Estimates","%","1.2"
"Employment Indicators: Agriculture","Belgium","Share of employment in agriculture, forestry and fishing in total employment - ILO Modelled Estimates","Total","2015","Value","ILO - ILO Modelled Estimates","%","1.2"
"Employment Indicators: Agriculture","Belgium","Share of employment in agriculture, forestry and fishing in total employment - ILO Modelled Estimates","Total","2016","Value","ILO - ILO Modelled Estimates","%","1.3"
"Employment Indicators: Agriculture","Belgium","Share of employment in agriculture, forestry and fishing in total employment - ILO Modelled Estimates","Total","2017","Value","ILO - ILO Modelled Estimates","%","1.2"
"Employment Indicators: Agriculture","Belgium","Share of employment in agriculture, forestry and fishing in total employment - ILO Modelled Estimates","Total","2018","Value","ILO - ILO Modelled Estimates","%","1"
"Employment Indicators: Agriculture","Belgium","Share of employment in agriculture, forestry and fishing in total employment - ILO Modelled Estimates","Total","2019","Value","ILO - ILO Modelled Estimates","%","0.9"
"Employment Indicators: Agriculture","Belgium","Share of employment in agriculture, forestry and fishing in total employment - ILO Modelled Estimates","Total","2020","Value","ILO - ILO Modelled Estimates","%","0.9"
"Employment Indicators: Agriculture","Bulgaria","Share of employment in agriculture, forestry and fishing in total employment - ILO Modelled Estimates","Total","2006","Value","ILO - ILO Modelled Estimates","%","8.1"
"Employment Indicators: Agriculture","Bulgaria","Share of employment in agriculture, forestry and fishing in total employment - ILO Modelled Estimates","Total","2007","Value","ILO - ILO Modelled Estimates","%","7.5"
"Employment Indicators: Agriculture","Bulgaria","Share of employment in agriculture, forestry and fishing in total employment - ILO Modelled Estimates","Total","2008","Value","ILO - ILO Modelled Estimates","%","7.5"
"Employment Indicators: Agriculture","Bulgaria","Share of employment in agriculture, forestry and fishing in total employment - ILO Modelled Estimates","Total","2009","Value","ILO - ILO Modelled Estimates","%","7.1"
"Employment Indicators: Agriculture","Bulgaria","Share of employment in agriculture, forestry and fishing in total employment - ILO Modelled Estimates","Total","2010","Value","ILO - ILO Modelled Estimates","%","6.8"
"Employment Indicators: Agriculture","Bulgaria","Share of employment in agriculture, forestry and fishing in total employment - ILO Modelled Estimates","Total","2011","Value","ILO - ILO Modelled Estimates","%","6.8"
"Employment Indicators: Agriculture","Bulgaria","Share of employment in agriculture, forestry and fishing in total employment - ILO Modelled Estimates","Total","2012","Value","ILO - ILO Modelled Estimates","%","6.4"
"Employment Indicators: Agriculture","Bulgaria","Share of employment in agriculture, forestry and fishing in total employment - ILO Modelled Estimates","Total","2013","Value","ILO - ILO Modelled Estimates","%","6.7"
"Employment Indicators: Agriculture","Bulgaria","Share of employment in agriculture, forestry and fishing in total employment - ILO Modelled Estimates","Total","2014","Value","ILO - ILO Modelled Estimates","%","7"
"Employment Indicators: Agriculture","Bulgaria","Share of employment in agriculture, forestry and fishing in total employment - ILO Modelled Estimates","Total","2015","Value","ILO - ILO Modelled Estimates","%","6.9"
"Employment Indicators: Agriculture","Bulgaria","Share of employment in agriculture, forestry and fishing in total employment - ILO Modelled Estimates","Total","2016","Value","ILO - ILO Modelled Estimates","%","6.8"
"Employment Indicators: Agriculture","Bulgaria","Share of employment in agriculture, forestry and fishing in total employment - ILO Modelled Estimates","Total","2017","Value","ILO - ILO Modelled Estimates","%","7"
"Employment Indicators: Agriculture","Bulgaria","Share of employment in agriculture, forestry and fishing in total employment - ILO Modelled Estimates","Total","2018","Value","ILO - ILO Modelled Estimates","%","6.6"
"Employment Indicators: Agriculture","Bulgaria","Share of employment in agriculture, forestry and fishing in total employment - ILO Modelled Estimates","Total","2019","Value","ILO - ILO Modelled Estimates","%","6.6"
"Employment Indicators: Agriculture","Bulgaria","Share of employment in agriculture, forestry and fishing in total employment - ILO Modelled Estimates","Total","2020","Value","ILO - ILO Modelled Estimates","%","6.6"
"Employment Indicators: Agriculture","Croatia","Share of employment in agriculture, forestry and fishing in total employment - ILO Modelled Estimates","Total","2006","Value","ILO - ILO Modelled Estimates","%","14.2"
"Employment Indicators: Agriculture","Croatia","Share of employment in agriculture, forestry and fishing in total employment - ILO Modelled Estimates","Total","2007","Value","ILO - ILO Modelled Estimates","%","12.4"
"Employment Indicators: Agriculture","Croatia","Share of employment in agriculture, forestry and fishing in total employment - ILO Modelled Estimates","Total","2008","Value","ILO - ILO Modelled Estimates","%","12.8"
"Employment Indicators: Agriculture","Croatia","Share of employment in agriculture, forestry and fishing in total employment - ILO Modelled Estimates","Total","2009","Value","ILO - ILO Modelled Estimates","%","13.3"
"Employment Indicators: Agriculture","Croatia","Share of employment in agriculture, forestry and fishing in total employment - ILO Modelled Estimates","Total","2010","Value","ILO - ILO Modelled Estimates","%","14.3"
"Employment Indicators: Agriculture","Croatia","Share of employment in agriculture, forestry and fishing in total employment - ILO Modelled Estimates","Total","2011","Value","ILO - ILO Modelled Estimates","%","14.6"
"Employment Indicators: Agriculture","Croatia","Share of employment in agriculture, forestry and fishing in total employment - ILO Modelled Estimates","Total","2012","Value","ILO - ILO Modelled Estimates","%","12.3"
"Employment Indicators: Agriculture","Croatia","Share of employment in agriculture, forestry and fishing in total employment - ILO Modelled Estimates","Total","2013","Value","ILO - ILO Modelled Estimates","%","10.8"
"Employment Indicators: Agriculture","Croatia","Share of employment in agriculture, forestry and fishing in total employment - ILO Modelled Estimates","Total","2014","Value","ILO - ILO Modelled Estimates","%","9.5"
"Employment Indicators: Agriculture","Croatia","Share of employment in agriculture, forestry and fishing in total employment - ILO Modelled Estimates","Total","2015","Value","ILO - ILO Modelled Estimates","%","9.2"
"Employment Indicators: Agriculture","Croatia","Share of employment in agriculture, forestry and fishing in total employment - ILO Modelled Estimates","Total","2016","Value","ILO - ILO Modelled Estimates","%","7.6"
"Employment Indicators: Agriculture","Croatia","Share of employment in agriculture, forestry and fishing in total employment - ILO Modelled Estimates","Total","2017","Value","ILO - ILO Modelled Estimates","%","7"
"Employment Indicators: Agriculture","Croatia","Share of employment in agriculture, forestry and fishing in total employment - ILO Modelled Estimates","Total","2018","Value","ILO - ILO Modelled Estimates","%","6.2"
"Employment Indicators: Agriculture","Croatia","Share of employment in agriculture, forestry and fishing in total employment - ILO Modelled Estimates","Total","2019","Value","ILO - ILO Modelled Estimates","%","6.2"
"Employment Indicators: Agriculture","Croatia","Share of employment in agriculture, forestry and fishing in total employment - ILO Modelled Estimates","Total","2020","Value","ILO - ILO Modelled Estimates","%","6.5"
"Employment Indicators: Agriculture","Cyprus","Share of employment in agriculture, forestry and fishing in total employment - ILO Modelled Estimates","Total","2006","Value","ILO - ILO Modelled Estimates","%","4.3"
"Employment Indicators: Agriculture","Cyprus","Share of employment in agriculture, forestry and fishing in total employment - ILO Modelled Estimates","Total","2007","Value","ILO - ILO Modelled Estimates","%","4.4"
"Employment Indicators: Agriculture","Cyprus","Share of employment in agriculture, forestry and fishing in total employment - ILO Modelled Estimates","Total","2008","Value","ILO - ILO Modelled Estimates","%","4.2"
"Employment Indicators: Agriculture","Cyprus","Share of employment in agriculture, forestry and fishing in total employment - ILO Modelled Estimates","Total","2009","Value","ILO - ILO Modelled Estimates","%","3.9"
"Employment Indicators: Agriculture","Cyprus","Share of employment in agriculture, forestry and fishing in total employment - ILO Modelled Estimates","Total","2010","Value","ILO - ILO Modelled Estimates","%","3.8"
"Employment Indicators: Agriculture","Cyprus","Share of employment in agriculture, forestry and fishing in total employment - ILO Modelled Estimates","Total","2011","Value","ILO - ILO Modelled Estimates","%","3.8"
"Employment Indicators: Agriculture","Cyprus","Share of employment in agriculture, forestry and fishing in total employment - ILO Modelled Estimates","Total","2012","Value","ILO - ILO Modelled Estimates","%","2.9"
"Employment Indicators: Agriculture","Cyprus","Share of employment in agriculture, forestry and fishing in total employment - ILO Modelled Estimates","Total","2013","Value","ILO - ILO Modelled Estimates","%","3.1"
"Employment Indicators: Agriculture","Cyprus","Share of employment in agriculture, forestry and fishing in total employment - ILO Modelled Estimates","Total","2014","Value","ILO - ILO Modelled Estimates","%","4.4"
"Employment Indicators: Agriculture","Cyprus","Share of employment in agriculture, forestry and fishing in total employment - ILO Modelled Estimates","Total","2015","Value","ILO - ILO Modelled Estimates","%","4"
"Employment Indicators: Agriculture","Cyprus","Share of employment in agriculture, forestry and fishing in total employment - ILO Modelled Estimates","Total","2016","Value","ILO - ILO Modelled Estimates","%","3.6"
"Employment Indicators: Agriculture","Cyprus","Share of employment in agriculture, forestry and fishing in total employment - ILO Modelled Estimates","Total","2017","Value","ILO - ILO Modelled Estimates","%","2.5"
"Employment Indicators: Agriculture","Cyprus","Share of employment in agriculture, forestry and fishing in total employment - ILO Modelled Estimates","Total","2018","Value","ILO - ILO Modelled Estimates","%","2.2"
"Employment Indicators: Agriculture","Cyprus","Share of employment in agriculture, forestry and fishing in total employment - ILO Modelled Estimates","Total","2019","Value","ILO - ILO Modelled Estimates","%","2.4"
"Employment Indicators: Agriculture","Cyprus","Share of employment in agriculture, forestry and fishing in total employment - ILO Modelled Estimates","Total","2020","Value","ILO - ILO Modelled Estimates","%","2.7"
"Employment Indicators: Agriculture","Czechia","Share of employment in agriculture, forestry and fishing in total employment - ILO Modelled Estimates","Total","2006","Value","ILO - ILO Modelled Estimates","%","3.8"
"Employment Indicators: Agriculture","Czechia","Share of employment in agriculture, forestry and fishing in total employment - ILO Modelled Estimates","Total","2007","Value","ILO - ILO Modelled Estimates","%","3.6"
"Employment Indicators: Agriculture","Czechia","Share of employment in agriculture, forestry and fishing in total employment - ILO Modelled Estimates","Total","2008","Value","ILO - ILO Modelled Estimates","%","3.2"
"Employment Indicators: Agriculture","Czechia","Share of employment in agriculture, forestry and fishing in total employment - ILO Modelled Estimates","Total","2009","Value","ILO - ILO Modelled Estimates","%","3.1"
"Employment Indicators: Agriculture","Czechia","Share of employment in agriculture, forestry and fishing in total employment - ILO Modelled Estimates","Total","2010","Value","ILO - ILO Modelled Estimates","%","3.1"
"Employment Indicators: Agriculture","Czechia","Share of employment in agriculture, forestry and fishing in total employment - ILO Modelled Estimates","Total","2011","Value","ILO - ILO Modelled Estimates","%","3"
"Employment Indicators: Agriculture","Czechia","Share of employment in agriculture, forestry and fishing in total employment - ILO Modelled Estimates","Total","2012","Value","ILO - ILO Modelled Estimates","%","3.1"
"Employment Indicators: Agriculture","Czechia","Share of employment in agriculture, forestry and fishing in total employment - ILO Modelled Estimates","Total","2013","Value","ILO - ILO Modelled Estimates","%","3"
"Employment Indicators: Agriculture","Czechia","Share of employment in agriculture, forestry and fishing in total employment - ILO Modelled Estimates","Total","2014","Value","ILO - ILO Modelled Estimates","%","2.7"
"Employment Indicators: Agriculture","Czechia","Share of employment in agriculture, forestry and fishing in total employment - ILO Modelled Estimates","Total","2015","Value","ILO - ILO Modelled Estimates","%","2.9"
"Employment Indicators: Agriculture","Czechia","Share of employment in agriculture, forestry and fishing in total employment - ILO Modelled Estimates","Total","2016","Value","ILO - ILO Modelled Estimates","%","2.9"
"Employment Indicators: Agriculture","Czechia","Share of employment in agriculture, forestry and fishing in total employment - ILO Modelled Estimates","Total","2017","Value","ILO - ILO Modelled Estimates","%","2.8"
"Employment Indicators: Agriculture","Czechia","Share of employment in agriculture, forestry and fishing in total employment - ILO Modelled Estimates","Total","2018","Value","ILO - ILO Modelled Estimates","%","2.8"
"Employment Indicators: Agriculture","Czechia","Share of employment in agriculture, forestry and fishing in total employment - ILO Modelled Estimates","Total","2019","Value","ILO - ILO Modelled Estimates","%","2.7"
"Employment Indicators: Agriculture","Czechia","Share of employment in agriculture, forestry and fishing in total employment - ILO Modelled Estimates","Total","2020","Value","ILO - ILO Modelled Estimates","%","2.6"
"Employment Indicators: Agriculture","Denmark","Share of employment in agriculture, forestry and fishing in total employment - ILO Modelled Estimates","Total","2006","Value","ILO - ILO Modelled Estimates","%","3.1"
"Employment Indicators: Agriculture","Denmark","Share of employment in agriculture, forestry and fishing in total employment - ILO Modelled Estimates","Total","2007","Value","ILO - ILO Modelled Estimates","%","3"
"Employment Indicators: Agriculture","Denmark","Share of employment in agriculture, forestry and fishing in total employment - ILO Modelled Estimates","Total","2008","Value","ILO - ILO Modelled Estimates","%","2.7"
"Employment Indicators: Agriculture","Denmark","Share of employment in agriculture, forestry and fishing in total employment - ILO Modelled Estimates","Total","2009","Value","ILO - ILO Modelled Estimates","%","2.8"
"Employment Indicators: Agriculture","Denmark","Share of employment in agriculture, forestry and fishing in total employment - ILO Modelled Estimates","Total","2010","Value","ILO - ILO Modelled Estimates","%","2.5"
"Employment Indicators: Agriculture","Denmark","Share of employment in agriculture, forestry and fishing in total employment - ILO Modelled Estimates","Total","2011","Value","ILO - ILO Modelled Estimates","%","2.4"
"Employment Indicators: Agriculture","Denmark","Share of employment in agriculture, forestry and fishing in total employment - ILO Modelled Estimates","Total","2012","Value","ILO - ILO Modelled Estimates","%","2.6"
"Employment Indicators: Agriculture","Denmark","Share of employment in agriculture, forestry and fishing in total employment - ILO Modelled Estimates","Total","2013","Value","ILO - ILO Modelled Estimates","%","2.6"
"Employment Indicators: Agriculture","Denmark","Share of employment in agriculture, forestry and fishing in total employment - ILO Modelled Estimates","Total","2014","Value","ILO - ILO Modelled Estimates","%","2.5"
"Employment Indicators: Agriculture","Denmark","Share of employment in agriculture, forestry and fishing in total employment - ILO Modelled Estimates","Total","2015","Value","ILO - ILO Modelled Estimates","%","2.5"
"Employment Indicators: Agriculture","Denmark","Share of employment in agriculture, forestry and fishing in total employment - ILO Modelled Estimates","Total","2016","Value","ILO - ILO Modelled Estimates","%","2.3"
"Employment Indicators: Agriculture","Denmark","Share of employment in agriculture, forestry and fishing in total employment - ILO Modelled Estimates","Total","2017","Value","ILO - ILO Modelled Estimates","%","2.1"
"Employment Indicators: Agriculture","Denmark","Share of employment in agriculture, forestry and fishing in total employment - ILO Modelled Estimates","Total","2018","Value","ILO - ILO Modelled Estimates","%","2.2"
"Employment Indicators: Agriculture","Denmark","Share of employment in agriculture, forestry and fishing in total employment - ILO Modelled Estimates","Total","2019","Value","ILO - ILO Modelled Estimates","%","2.2"
"Employment Indicators: Agriculture","Denmark","Share of employment in agriculture, forestry and fishing in total employment - ILO Modelled Estimates","Total","2020","Value","ILO - ILO Modelled Estimates","%","2.1"
"Employment Indicators: Agriculture","Estonia","Share of employment in agriculture, forestry and fishing in total employment - ILO Modelled Estimates","Total","2006","Value","ILO - ILO Modelled Estimates","%","5.1"
"Employment Indicators: Agriculture","Estonia","Share of employment in agriculture, forestry and fishing in total employment - ILO Modelled Estimates","Total","2007","Value","ILO - ILO Modelled Estimates","%","4.8"
"Employment Indicators: Agriculture","Estonia","Share of employment in agriculture, forestry and fishing in total employment - ILO Modelled Estimates","Total","2008","Value","ILO - ILO Modelled Estimates","%","3.9"
"Employment Indicators: Agriculture","Estonia","Share of employment in agriculture, forestry and fishing in total employment - ILO Modelled Estimates","Total","2009","Value","ILO - ILO Modelled Estimates","%","4.1"
"Employment Indicators: Agriculture","Estonia","Share of employment in agriculture, forestry and fishing in total employment - ILO Modelled Estimates","Total","2010","Value","ILO - ILO Modelled Estimates","%","4.2"
"Employment Indicators: Agriculture","Estonia","Share of employment in agriculture, forestry and fishing in total employment - ILO Modelled Estimates","Total","2011","Value","ILO - ILO Modelled Estimates","%","4.4"
"Employment Indicators: Agriculture","Estonia","Share of employment in agriculture, forestry and fishing in total employment - ILO Modelled Estimates","Total","2012","Value","ILO - ILO Modelled Estimates","%","4.5"
"Employment Indicators: Agriculture","Estonia","Share of employment in agriculture, forestry and fishing in total employment - ILO Modelled Estimates","Total","2013","Value","ILO - ILO Modelled Estimates","%","4.3"
"Employment Indicators: Agriculture","Estonia","Share of employment in agriculture, forestry and fishing in total employment - ILO Modelled Estimates","Total","2014","Value","ILO - ILO Modelled Estimates","%","3.9"
"Employment Indicators: Agriculture","Estonia","Share of employment in agriculture, forestry and fishing in total employment - ILO Modelled Estimates","Total","2015","Value","ILO - ILO Modelled Estimates","%","3.9"
"Employment Indicators: Agriculture","Estonia","Share of employment in agriculture, forestry and fishing in total employment - ILO Modelled Estimates","Total","2016","Value","ILO - ILO Modelled Estimates","%","3.9"
"Employment Indicators: Agriculture","Estonia","Share of employment in agriculture, forestry and fishing in total employment - ILO Modelled Estimates","Total","2017","Value","ILO - ILO Modelled Estimates","%","3.5"
"Employment Indicators: Agriculture","Estonia","Share of employment in agriculture, forestry and fishing in total employment - ILO Modelled Estimates","Total","2018","Value","ILO - ILO Modelled Estimates","%","3.3"
"Employment Indicators: Agriculture","Estonia","Share of employment in agriculture, forestry and fishing in total employment - ILO Modelled Estimates","Total","2019","Value","ILO - ILO Modelled Estimates","%","3.2"
"Employment Indicators: Agriculture","Estonia","Share of employment in agriculture, forestry and fishing in total employment - ILO Modelled Estimates","Total","2020","Value","ILO - ILO Modelled Estimates","%","3"
"Employment Indicators: Agriculture","Finland","Share of employment in agriculture, forestry and fishing in total employment - ILO Modelled Estimates","Total","2006","Value","ILO - ILO Modelled Estimates","%","4.7"
"Employment Indicators: Agriculture","Finland","Share of employment in agriculture, forestry and fishing in total employment - ILO Modelled Estimates","Total","2007","Value","ILO - ILO Modelled Estimates","%","4.5"
"Employment Indicators: Agriculture","Finland","Share of employment in agriculture, forestry and fishing in total employment - ILO Modelled Estimates","Total","2008","Value","ILO - ILO Modelled Estimates","%","4.5"
"Employment Indicators: Agriculture","Finland","Share of employment in agriculture, forestry and fishing in total employment - ILO Modelled Estimates","Total","2009","Value","ILO - ILO Modelled Estimates","%","4.6"
"Employment Indicators: Agriculture","Finland","Share of employment in agriculture, forestry and fishing in total employment - ILO Modelled Estimates","Total","2010","Value","ILO - ILO Modelled Estimates","%","4.4"
"Employment Indicators: Agriculture","Finland","Share of employment in agriculture, forestry and fishing in total employment - ILO Modelled Estimates","Total","2011","Value","ILO - ILO Modelled Estimates","%","4.2"
"Employment Indicators: Agriculture","Finland","Share of employment in agriculture, forestry and fishing in total employment - ILO Modelled Estimates","Total","2012","Value","ILO - ILO Modelled Estimates","%","4.2"
"Employment Indicators: Agriculture","Finland","Share of employment in agriculture, forestry and fishing in total employment - ILO Modelled Estimates","Total","2013","Value","ILO - ILO Modelled Estimates","%","4.1"
"Employment Indicators: Agriculture","Finland","Share of employment in agriculture, forestry and fishing in total employment - ILO Modelled Estimates","Total","2014","Value","ILO - ILO Modelled Estimates","%","4.3"
"Employment Indicators: Agriculture","Finland","Share of employment in agriculture, forestry and fishing in total employment - ILO Modelled Estimates","Total","2015","Value","ILO - ILO Modelled Estimates","%","4.2"
"Employment Indicators: Agriculture","Finland","Share of employment in agriculture, forestry and fishing in total employment - ILO Modelled Estimates","Total","2016","Value","ILO - ILO Modelled Estimates","%","3.9"
"Employment Indicators: Agriculture","Finland","Share of employment in agriculture, forestry and fishing in total employment - ILO Modelled Estimates","Total","2017","Value","ILO - ILO Modelled Estimates","%","3.8"
"Employment Indicators: Agriculture","Finland","Share of employment in agriculture, forestry and fishing in total employment - ILO Modelled Estimates","Total","2018","Value","ILO - ILO Modelled Estimates","%","3.7"
"Employment Indicators: Agriculture","Finland","Share of employment in agriculture, forestry and fishing in total employment - ILO Modelled Estimates","Total","2019","Value","ILO - ILO Modelled Estimates","%","3.8"
"Employment Indicators: Agriculture","Finland","Share of employment in agriculture, forestry and fishing in total employment - ILO Modelled Estimates","Total","2020","Value","ILO - ILO Modelled Estimates","%","3.7"
"Employment Indicators: Agriculture","France","Share of employment in agriculture, forestry and fishing in total employment - ILO Modelled Estimates","Total","2006","Value","ILO - ILO Modelled Estimates","%","3.7"
"Employment Indicators: Agriculture","France","Share of employment in agriculture, forestry and fishing in total employment - ILO Modelled Estimates","Total","2007","Value","ILO - ILO Modelled Estimates","%","3.5"
"Employment Indicators: Agriculture","France","Share of employment in agriculture, forestry and fishing in total employment - ILO Modelled Estimates","Total","2008","Value","ILO - ILO Modelled Estimates","%","2.7"
"Employment Indicators: Agriculture","France","Share of employment in agriculture, forestry and fishing in total employment - ILO Modelled Estimates","Total","2009","Value","ILO - ILO Modelled Estimates","%","2.9"
"Employment Indicators: Agriculture","France","Share of employment in agriculture, forestry and fishing in total employment - ILO Modelled Estimates","Total","2010","Value","ILO - ILO Modelled Estimates","%","2.9"
"Employment Indicators: Agriculture","France","Share of employment in agriculture, forestry and fishing in total employment - ILO Modelled Estimates","Total","2011","Value","ILO - ILO Modelled Estimates","%","2.9"
"Employment Indicators: Agriculture","France","Share of employment in agriculture, forestry and fishing in total employment - ILO Modelled Estimates","Total","2012","Value","ILO - ILO Modelled Estimates","%","2.9"
"Employment Indicators: Agriculture","France","Share of employment in agriculture, forestry and fishing in total employment - ILO Modelled Estimates","Total","2013","Value","ILO - ILO Modelled Estimates","%","3.1"
"Employment Indicators: Agriculture","France","Share of employment in agriculture, forestry and fishing in total employment - ILO Modelled Estimates","Total","2014","Value","ILO - ILO Modelled Estimates","%","2.8"
"Employment Indicators: Agriculture","France","Share of employment in agriculture, forestry and fishing in total employment - ILO Modelled Estimates","Total","2015","Value","ILO - ILO Modelled Estimates","%","2.7"
"Employment Indicators: Agriculture","France","Share of employment in agriculture, forestry and fishing in total employment - ILO Modelled Estimates","Total","2016","Value","ILO - ILO Modelled Estimates","%","2.9"
"Employment Indicators: Agriculture","France","Share of employment in agriculture, forestry and fishing in total employment - ILO Modelled Estimates","Total","2017","Value","ILO - ILO Modelled Estimates","%","2.6"
"Employment Indicators: Agriculture","France","Share of employment in agriculture, forestry and fishing in total employment - ILO Modelled Estimates","Total","2018","Value","ILO - ILO Modelled Estimates","%","2.5"
"Employment Indicators: Agriculture","France","Share of employment in agriculture, forestry and fishing in total employment - ILO Modelled Estimates","Total","2019","Value","ILO - ILO Modelled Estimates","%","2.5"
"Employment Indicators: Agriculture","France","Share of employment in agriculture, forestry and fishing in total employment - ILO Modelled Estimates","Total","2020","Value","ILO - ILO Modelled Estimates","%","2.4"
"Employment Indicators: Agriculture","Germany","Share of employment in agriculture, forestry and fishing in total employment - ILO Modelled Estimates","Total","2006","Value","ILO - ILO Modelled Estimates","%","2.3"
"Employment Indicators: Agriculture","Germany","Share of employment in agriculture, forestry and fishing in total employment - ILO Modelled Estimates","Total","2007","Value","ILO - ILO Modelled Estimates","%","2.3"
"Employment Indicators: Agriculture","Germany","Share of employment in agriculture, forestry and fishing in total employment - ILO Modelled Estimates","Total","2008","Value","ILO - ILO Modelled Estimates","%","1.8"
"Employment Indicators: Agriculture","Germany","Share of employment in agriculture, forestry and fishing in total employment - ILO Modelled Estimates","Total","2009","Value","ILO - ILO Modelled Estimates","%","1.7"
"Employment Indicators: Agriculture","Germany","Share of employment in agriculture, forestry and fishing in total employment - ILO Modelled Estimates","Total","2010","Value","ILO - ILO Modelled Estimates","%","1.6"
"Employment Indicators: Agriculture","Germany","Share of employment in agriculture, forestry and fishing in total employment - ILO Modelled Estimates","Total","2011","Value","ILO - ILO Modelled Estimates","%","1.6"
"Employment Indicators: Agriculture","Germany","Share of employment in agriculture, forestry and fishing in total employment - ILO Modelled Estimates","Total","2012","Value","ILO - ILO Modelled Estimates","%","1.6"
"Employment Indicators: Agriculture","Germany","Share of employment in agriculture, forestry and fishing in total employment - ILO Modelled Estimates","Total","2013","Value","ILO - ILO Modelled Estimates","%","1.4"
"Employment Indicators: Agriculture","Germany","Share of employment in agriculture, forestry and fishing in total employment - ILO Modelled Estimates","Total","2014","Value","ILO - ILO Modelled Estimates","%","1.4"
"Employment Indicators: Agriculture","Germany","Share of employment in agriculture, forestry and fishing in total employment - ILO Modelled Estimates","Total","2015","Value","ILO - ILO Modelled Estimates","%","1.4"
"Employment Indicators: Agriculture","Germany","Share of employment in agriculture, forestry and fishing in total employment - ILO Modelled Estimates","Total","2016","Value","ILO - ILO Modelled Estimates","%","1.3"
"Employment Indicators: Agriculture","Germany","Share of employment in agriculture, forestry and fishing in total employment - ILO Modelled Estimates","Total","2017","Value","ILO - ILO Modelled Estimates","%","1.3"
"Employment Indicators: Agriculture","Germany","Share of employment in agriculture, forestry and fishing in total employment - ILO Modelled Estimates","Total","2018","Value","ILO - ILO Modelled Estimates","%","1.2"
"Employment Indicators: Agriculture","Germany","Share of employment in agriculture, forestry and fishing in total employment - ILO Modelled Estimates","Total","2019","Value","ILO - ILO Modelled Estimates","%","1.2"
"Employment Indicators: Agriculture","Germany","Share of employment in agriculture, forestry and fishing in total employment - ILO Modelled Estimates","Total","2020","Value","ILO - ILO Modelled Estimates","%","1.3"
"Employment Indicators: Agriculture","Greece","Share of employment in agriculture, forestry and fishing in total employment - ILO Modelled Estimates","Total","2006","Value","ILO - ILO Modelled Estimates","%","11.7"
"Employment Indicators: Agriculture","Greece","Share of employment in agriculture, forestry and fishing in total employment - ILO Modelled Estimates","Total","2007","Value","ILO - ILO Modelled Estimates","%","11.3"
"Employment Indicators: Agriculture","Greece","Share of employment in agriculture, forestry and fishing in total employment - ILO Modelled Estimates","Total","2008","Value","ILO - ILO Modelled Estimates","%","11.1"
"Employment Indicators: Agriculture","Greece","Share of employment in agriculture, forestry and fishing in total employment - ILO Modelled Estimates","Total","2009","Value","ILO - ILO Modelled Estimates","%","11.7"
"Employment Indicators: Agriculture","Greece","Share of employment in agriculture, forestry and fishing in total employment - ILO Modelled Estimates","Total","2010","Value","ILO - ILO Modelled Estimates","%","12.4"
"Employment Indicators: Agriculture","Greece","Share of employment in agriculture, forestry and fishing in total employment - ILO Modelled Estimates","Total","2011","Value","ILO - ILO Modelled Estimates","%","12.3"
"Employment Indicators: Agriculture","Greece","Share of employment in agriculture, forestry and fishing in total employment - ILO Modelled Estimates","Total","2012","Value","ILO - ILO Modelled Estimates","%","13"
"Employment Indicators: Agriculture","Greece","Share of employment in agriculture, forestry and fishing in total employment - ILO Modelled Estimates","Total","2013","Value","ILO - ILO Modelled Estimates","%","13.7"
"Employment Indicators: Agriculture","Greece","Share of employment in agriculture, forestry and fishing in total employment - ILO Modelled Estimates","Total","2014","Value","ILO - ILO Modelled Estimates","%","13.6"
"Employment Indicators: Agriculture","Greece","Share of employment in agriculture, forestry and fishing in total employment - ILO Modelled Estimates","Total","2015","Value","ILO - ILO Modelled Estimates","%","12.9"
"Employment Indicators: Agriculture","Greece","Share of employment in agriculture, forestry and fishing in total employment - ILO Modelled Estimates","Total","2016","Value","ILO - ILO Modelled Estimates","%","12.4"
"Employment Indicators: Agriculture","Greece","Share of employment in agriculture, forestry and fishing in total employment - ILO Modelled Estimates","Total","2017","Value","ILO - ILO Modelled Estimates","%","12.1"
"Employment Indicators: Agriculture","Greece","Share of employment in agriculture, forestry and fishing in total employment - ILO Modelled Estimates","Total","2018","Value","ILO - ILO Modelled Estimates","%","12.3"
"Employment Indicators: Agriculture","Greece","Share of employment in agriculture, forestry and fishing in total employment - ILO Modelled Estimates","Total","2019","Value","ILO - ILO Modelled Estimates","%","11.6"
"Employment Indicators: Agriculture","Greece","Share of employment in agriculture, forestry and fishing in total employment - ILO Modelled Estimates","Total","2020","Value","ILO - ILO Modelled Estimates","%","10.6"
"Employment Indicators: Agriculture","Hungary","Share of employment in agriculture, forestry and fishing in total employment - ILO Modelled Estimates","Total","2006","Value","ILO - ILO Modelled Estimates","%","4.8"
"Employment Indicators: Agriculture","Hungary","Share of employment in agriculture, forestry and fishing in total employment - ILO Modelled Estimates","Total","2007","Value","ILO - ILO Modelled Estimates","%","4.6"
"Employment Indicators: Agriculture","Hungary","Share of employment in agriculture, forestry and fishing in total employment - ILO Modelled Estimates","Total","2008","Value","ILO - ILO Modelled Estimates","%","4.3"
"Employment Indicators: Agriculture","Hungary","Share of employment in agriculture, forestry and fishing in total employment - ILO Modelled Estimates","Total","2009","Value","ILO - ILO Modelled Estimates","%","4.6"
"Employment Indicators: Agriculture","Hungary","Share of employment in agriculture, forestry and fishing in total employment - ILO Modelled Estimates","Total","2010","Value","ILO - ILO Modelled Estimates","%","4.5"
"Employment Indicators: Agriculture","Hungary","Share of employment in agriculture, forestry and fishing in total employment - ILO Modelled Estimates","Total","2011","Value","ILO - ILO Modelled Estimates","%","4.9"
"Employment Indicators: Agriculture","Hungary","Share of employment in agriculture, forestry and fishing in total employment - ILO Modelled Estimates","Total","2012","Value","ILO - ILO Modelled Estimates","%","5.1"
"Employment Indicators: Agriculture","Hungary","Share of employment in agriculture, forestry and fishing in total employment - ILO Modelled Estimates","Total","2013","Value","ILO - ILO Modelled Estimates","%","4.8"
"Employment Indicators: Agriculture","Hungary","Share of employment in agriculture, forestry and fishing in total employment - ILO Modelled Estimates","Total","2014","Value","ILO - ILO Modelled Estimates","%","4.7"
"Employment Indicators: Agriculture","Hungary","Share of employment in agriculture, forestry and fishing in total employment - ILO Modelled Estimates","Total","2015","Value","ILO - ILO Modelled Estimates","%","4.9"
"Employment Indicators: Agriculture","Hungary","Share of employment in agriculture, forestry and fishing in total employment - ILO Modelled Estimates","Total","2016","Value","ILO - ILO Modelled Estimates","%","5"
"Employment Indicators: Agriculture","Hungary","Share of employment in agriculture, forestry and fishing in total employment - ILO Modelled Estimates","Total","2017","Value","ILO - ILO Modelled Estimates","%","5"
"Employment Indicators: Agriculture","Hungary","Share of employment in agriculture, forestry and fishing in total employment - ILO Modelled Estimates","Total","2018","Value","ILO - ILO Modelled Estimates","%","4.8"
"Employment Indicators: Agriculture","Hungary","Share of employment in agriculture, forestry and fishing in total employment - ILO Modelled Estimates","Total","2019","Value","ILO - ILO Modelled Estimates","%","4.7"
"Employment Indicators: Agriculture","Hungary","Share of employment in agriculture, forestry and fishing in total employment - ILO Modelled Estimates","Total","2020","Value","ILO - ILO Modelled Estimates","%","4.8"
"Employment Indicators: Agriculture","Ireland","Share of employment in agriculture, forestry and fishing in total employment - ILO Modelled Estimates","Total","2006","Value","ILO - ILO Modelled Estimates","%","5.7"
"Employment Indicators: Agriculture","Ireland","Share of employment in agriculture, forestry and fishing in total employment - ILO Modelled Estimates","Total","2007","Value","ILO - ILO Modelled Estimates","%","5.4"
"Employment Indicators: Agriculture","Ireland","Share of employment in agriculture, forestry and fishing in total employment - ILO Modelled Estimates","Total","2008","Value","ILO - ILO Modelled Estimates","%","5.3"
"Employment Indicators: Agriculture","Ireland","Share of employment in agriculture, forestry and fishing in total employment - ILO Modelled Estimates","Total","2009","Value","ILO - ILO Modelled Estimates","%","5.6"
"Employment Indicators: Agriculture","Ireland","Share of employment in agriculture, forestry and fishing in total employment - ILO Modelled Estimates","Total","2010","Value","ILO - ILO Modelled Estimates","%","5.8"
"Employment Indicators: Agriculture","Ireland","Share of employment in agriculture, forestry and fishing in total employment - ILO Modelled Estimates","Total","2011","Value","ILO - ILO Modelled Estimates","%","5.7"
"Employment Indicators: Agriculture","Ireland","Share of employment in agriculture, forestry and fishing in total employment - ILO Modelled Estimates","Total","2012","Value","ILO - ILO Modelled Estimates","%","5.8"
"Employment Indicators: Agriculture","Ireland","Share of employment in agriculture, forestry and fishing in total employment - ILO Modelled Estimates","Total","2013","Value","ILO - ILO Modelled Estimates","%","5.8"
"Employment Indicators: Agriculture","Ireland","Share of employment in agriculture, forestry and fishing in total employment - ILO Modelled Estimates","Total","2014","Value","ILO - ILO Modelled Estimates","%","5.4"
"Employment Indicators: Agriculture","Ireland","Share of employment in agriculture, forestry and fishing in total employment - ILO Modelled Estimates","Total","2015","Value","ILO - ILO Modelled Estimates","%","5.3"
"Employment Indicators: Agriculture","Ireland","Share of employment in agriculture, forestry and fishing in total employment - ILO Modelled Estimates","Total","2016","Value","ILO - ILO Modelled Estimates","%","5.3"
"Employment Indicators: Agriculture","Ireland","Share of employment in agriculture, forestry and fishing in total employment - ILO Modelled Estimates","Total","2017","Value","ILO - ILO Modelled Estimates","%","5"
"Employment Indicators: Agriculture","Ireland","Share of employment in agriculture, forestry and fishing in total employment - ILO Modelled Estimates","Total","2018","Value","ILO - ILO Modelled Estimates","%","4.8"
"Employment Indicators: Agriculture","Ireland","Share of employment in agriculture, forestry and fishing in total employment - ILO Modelled Estimates","Total","2019","Value","ILO - ILO Modelled Estimates","%","4.4"
"Employment Indicators: Agriculture","Ireland","Share of employment in agriculture, forestry and fishing in total employment - ILO Modelled Estimates","Total","2020","Value","ILO - ILO Modelled Estimates","%","4.5"
"Employment Indicators: Agriculture","Italy","Share of employment in agriculture, forestry and fishing in total employment - ILO Modelled Estimates","Total","2006","Value","ILO - ILO Modelled Estimates","%","4.3"
"Employment Indicators: Agriculture","Italy","Share of employment in agriculture, forestry and fishing in total employment - ILO Modelled Estimates","Total","2007","Value","ILO - ILO Modelled Estimates","%","4"
"Employment Indicators: Agriculture","Italy","Share of employment in agriculture, forestry and fishing in total employment - ILO Modelled Estimates","Total","2008","Value","ILO - ILO Modelled Estimates","%","3.7"
"Employment Indicators: Agriculture","Italy","Share of employment in agriculture, forestry and fishing in total employment - ILO Modelled Estimates","Total","2009","Value","ILO - ILO Modelled Estimates","%","3.7"
"Employment Indicators: Agriculture","Italy","Share of employment in agriculture, forestry and fishing in total employment - ILO Modelled Estimates","Total","2010","Value","ILO - ILO Modelled Estimates","%","3.8"
"Employment Indicators: Agriculture","Italy","Share of employment in agriculture, forestry and fishing in total employment - ILO Modelled Estimates","Total","2011","Value","ILO - ILO Modelled Estimates","%","3.7"
"Employment Indicators: Agriculture","Italy","Share of employment in agriculture, forestry and fishing in total employment - ILO Modelled Estimates","Total","2012","Value","ILO - ILO Modelled Estimates","%","3.7"
"Employment Indicators: Agriculture","Italy","Share of employment in agriculture, forestry and fishing in total employment - ILO Modelled Estimates","Total","2013","Value","ILO - ILO Modelled Estimates","%","3.6"
"Employment Indicators: Agriculture","Italy","Share of employment in agriculture, forestry and fishing in total employment - ILO Modelled Estimates","Total","2014","Value","ILO - ILO Modelled Estimates","%","3.6"
"Employment Indicators: Agriculture","Italy","Share of employment in agriculture, forestry and fishing in total employment - ILO Modelled Estimates","Total","2015","Value","ILO - ILO Modelled Estimates","%","3.8"
"Employment Indicators: Agriculture","Italy","Share of employment in agriculture, forestry and fishing in total employment - ILO Modelled Estimates","Total","2016","Value","ILO - ILO Modelled Estimates","%","3.9"
"Employment Indicators: Agriculture","Italy","Share of employment in agriculture, forestry and fishing in total employment - ILO Modelled Estimates","Total","2017","Value","ILO - ILO Modelled Estimates","%","3.8"
"Employment Indicators: Agriculture","Italy","Share of employment in agriculture, forestry and fishing in total employment - ILO Modelled Estimates","Total","2018","Value","ILO - ILO Modelled Estimates","%","3.8"
"Employment Indicators: Agriculture","Italy","Share of employment in agriculture, forestry and fishing in total employment - ILO Modelled Estimates","Total","2019","Value","ILO - ILO Modelled Estimates","%","3.9"
"Employment Indicators: Agriculture","Italy","Share of employment in agriculture, forestry and fishing in total employment - ILO Modelled Estimates","Total","2020","Value","ILO - ILO Modelled Estimates","%","4"
"Employment Indicators: Agriculture","Latvia","Share of employment in agriculture, forestry and fishing in total employment - ILO Modelled Estimates","Total","2006","Value","ILO - ILO Modelled Estimates","%","11.5"
"Employment Indicators: Agriculture","Latvia","Share of employment in agriculture, forestry and fishing in total employment - ILO Modelled Estimates","Total","2007","Value","ILO - ILO Modelled Estimates","%","10.2"
"Employment Indicators: Agriculture","Latvia","Share of employment in agriculture, forestry and fishing in total employment - ILO Modelled Estimates","Total","2008","Value","ILO - ILO Modelled Estimates","%","8"
"Employment Indicators: Agriculture","Latvia","Share of employment in agriculture, forestry and fishing in total employment - ILO Modelled Estimates","Total","2009","Value","ILO - ILO Modelled Estimates","%","8.8"
"Employment Indicators: Agriculture","Latvia","Share of employment in agriculture, forestry and fishing in total employment - ILO Modelled Estimates","Total","2010","Value","ILO - ILO Modelled Estimates","%","8.6"
"Employment Indicators: Agriculture","Latvia","Share of employment in agriculture, forestry and fishing in total employment - ILO Modelled Estimates","Total","2011","Value","ILO - ILO Modelled Estimates","%","8.9"
"Employment Indicators: Agriculture","Latvia","Share of employment in agriculture, forestry and fishing in total employment - ILO Modelled Estimates","Total","2012","Value","ILO - ILO Modelled Estimates","%","8.4"
"Employment Indicators: Agriculture","Latvia","Share of employment in agriculture, forestry and fishing in total employment - ILO Modelled Estimates","Total","2013","Value","ILO - ILO Modelled Estimates","%","8.1"
"Employment Indicators: Agriculture","Latvia","Share of employment in agriculture, forestry and fishing in total employment - ILO Modelled Estimates","Total","2014","Value","ILO - ILO Modelled Estimates","%","7.5"
"Employment Indicators: Agriculture","Latvia","Share of employment in agriculture, forestry and fishing in total employment - ILO Modelled Estimates","Total","2015","Value","ILO - ILO Modelled Estimates","%","7.9"
"Employment Indicators: Agriculture","Latvia","Share of employment in agriculture, forestry and fishing in total employment - ILO Modelled Estimates","Total","2016","Value","ILO - ILO Modelled Estimates","%","7.7"
"Employment Indicators: Agriculture","Latvia","Share of employment in agriculture, forestry and fishing in total employment - ILO Modelled Estimates","Total","2017","Value","ILO - ILO Modelled Estimates","%","6.9"
"Employment Indicators: Agriculture","Latvia","Share of employment in agriculture, forestry and fishing in total employment - ILO Modelled Estimates","Total","2018","Value","ILO - ILO Modelled Estimates","%","7"
"Employment Indicators: Agriculture","Latvia","Share of employment in agriculture, forestry and fishing in total employment - ILO Modelled Estimates","Total","2019","Value","ILO - ILO Modelled Estimates","%","7.3"
"Employment Indicators: Agriculture","Latvia","Share of employment in agriculture, forestry and fishing in total employment - ILO Modelled Estimates","Total","2020","Value","ILO - ILO Modelled Estimates","%","7.2"
"Employment Indicators: Agriculture","Lithuania","Share of employment in agriculture, forestry and fishing in total employment - ILO Modelled Estimates","Total","2006","Value","ILO - ILO Modelled Estimates","%","13.8"
"Employment Indicators: Agriculture","Lithuania","Share of employment in agriculture, forestry and fishing in total employment - ILO Modelled Estimates","Total","2007","Value","ILO - ILO Modelled Estimates","%","11.3"
"Employment Indicators: Agriculture","Lithuania","Share of employment in agriculture, forestry and fishing in total employment - ILO Modelled Estimates","Total","2008","Value","ILO - ILO Modelled Estimates","%","8.1"
"Employment Indicators: Agriculture","Lithuania","Share of employment in agriculture, forestry and fishing in total employment - ILO Modelled Estimates","Total","2009","Value","ILO - ILO Modelled Estimates","%","9"
"Employment Indicators: Agriculture","Lithuania","Share of employment in agriculture, forestry and fishing in total employment - ILO Modelled Estimates","Total","2010","Value","ILO - ILO Modelled Estimates","%","8.8"
"Employment Indicators: Agriculture","Lithuania","Share of employment in agriculture, forestry and fishing in total employment - ILO Modelled Estimates","Total","2011","Value","ILO - ILO Modelled Estimates","%","8.5"
"Employment Indicators: Agriculture","Lithuania","Share of employment in agriculture, forestry and fishing in total employment - ILO Modelled Estimates","Total","2012","Value","ILO - ILO Modelled Estimates","%","8.8"
"Employment Indicators: Agriculture","Lithuania","Share of employment in agriculture, forestry and fishing in total employment - ILO Modelled Estimates","Total","2013","Value","ILO - ILO Modelled Estimates","%","8.4"
"Employment Indicators: Agriculture","Lithuania","Share of employment in agriculture, forestry and fishing in total employment - ILO Modelled Estimates","Total","2014","Value","ILO - ILO Modelled Estimates","%","9.2"
"Employment Indicators: Agriculture","Lithuania","Share of employment in agriculture, forestry and fishing in total employment - ILO Modelled Estimates","Total","2015","Value","ILO - ILO Modelled Estimates","%","9.1"
"Employment Indicators: Agriculture","Lithuania","Share of employment in agriculture, forestry and fishing in total employment - ILO Modelled Estimates","Total","2016","Value","ILO - ILO Modelled Estimates","%","8"
"Employment Indicators: Agriculture","Lithuania","Share of employment in agriculture, forestry and fishing in total employment - ILO Modelled Estimates","Total","2017","Value","ILO - ILO Modelled Estimates","%","7.8"
"Employment Indicators: Agriculture","Lithuania","Share of employment in agriculture, forestry and fishing in total employment - ILO Modelled Estimates","Total","2018","Value","ILO - ILO Modelled Estimates","%","7.2"
"Employment Indicators: Agriculture","Lithuania","Share of employment in agriculture, forestry and fishing in total employment - ILO Modelled Estimates","Total","2019","Value","ILO - ILO Modelled Estimates","%","6.4"
"Employment Indicators: Agriculture","Lithuania","Share of employment in agriculture, forestry and fishing in total employment - ILO Modelled Estimates","Total","2020","Value","ILO - ILO Modelled Estimates","%","5.7"
"Employment Indicators: Agriculture","Luxembourg","Share of employment in agriculture, forestry and fishing in total employment - ILO Modelled Estimates","Total","2006","Value","ILO - ILO Modelled Estimates","%","1.8"
"Employment Indicators: Agriculture","Luxembourg","Share of employment in agriculture, forestry and fishing in total employment - ILO Modelled Estimates","Total","2007","Value","ILO - ILO Modelled Estimates","%","1.8"
"Employment Indicators: Agriculture","Luxembourg","Share of employment in agriculture, forestry and fishing in total employment - ILO Modelled Estimates","Total","2008","Value","ILO - ILO Modelled Estimates","%","1.7"
"Employment Indicators: Agriculture","Luxembourg","Share of employment in agriculture, forestry and fishing in total employment - ILO Modelled Estimates","Total","2009","Value","ILO - ILO Modelled Estimates","%","1.4"
"Employment Indicators: Agriculture","Luxembourg","Share of employment in agriculture, forestry and fishing in total employment - ILO Modelled Estimates","Total","2010","Value","ILO - ILO Modelled Estimates","%","1.1"
"Employment Indicators: Agriculture","Luxembourg","Share of employment in agriculture, forestry and fishing in total employment - ILO Modelled Estimates","Total","2011","Value","ILO - ILO Modelled Estimates","%","1.2"
"Employment Indicators: Agriculture","Luxembourg","Share of employment in agriculture, forestry and fishing in total employment - ILO Modelled Estimates","Total","2012","Value","ILO - ILO Modelled Estimates","%","1.3"
"Employment Indicators: Agriculture","Luxembourg","Share of employment in agriculture, forestry and fishing in total employment - ILO Modelled Estimates","Total","2013","Value","ILO - ILO Modelled Estimates","%","1.6"
"Employment Indicators: Agriculture","Luxembourg","Share of employment in agriculture, forestry and fishing in total employment - ILO Modelled Estimates","Total","2014","Value","ILO - ILO Modelled Estimates","%","1.4"
"Employment Indicators: Agriculture","Luxembourg","Share of employment in agriculture, forestry and fishing in total employment - ILO Modelled Estimates","Total","2015","Value","ILO - ILO Modelled Estimates","%","1"
"Employment Indicators: Agriculture","Luxembourg","Share of employment in agriculture, forestry and fishing in total employment - ILO Modelled Estimates","Total","2016","Value","ILO - ILO Modelled Estimates","%","1"
"Employment Indicators: Agriculture","Luxembourg","Share of employment in agriculture, forestry and fishing in total employment - ILO Modelled Estimates","Total","2017","Value","ILO - ILO Modelled Estimates","%","1.4"
"Employment Indicators: Agriculture","Luxembourg","Share of employment in agriculture, forestry and fishing in total employment - ILO Modelled Estimates","Total","2018","Value","ILO - ILO Modelled Estimates","%","1.1"
"Employment Indicators: Agriculture","Luxembourg","Share of employment in agriculture, forestry and fishing in total employment - ILO Modelled Estimates","Total","2019","Value","ILO - ILO Modelled Estimates","%","0.7"
"Employment Indicators: Agriculture","Luxembourg","Share of employment in agriculture, forestry and fishing in total employment - ILO Modelled Estimates","Total","2020","Value","ILO - ILO Modelled Estimates","%","0.8"
"Employment Indicators: Agriculture","Malta","Share of employment in agriculture, forestry and fishing in total employment - ILO Modelled Estimates","Total","2006","Value","ILO - ILO Modelled Estimates","%","2"
"Employment Indicators: Agriculture","Malta","Share of employment in agriculture, forestry and fishing in total employment - ILO Modelled Estimates","Total","2007","Value","ILO - ILO Modelled Estimates","%","1.8"
"Employment Indicators: Agriculture","Malta","Share of employment in agriculture, forestry and fishing in total employment - ILO Modelled Estimates","Total","2008","Value","ILO - ILO Modelled Estimates","%","1.8"
"Employment Indicators: Agriculture","Malta","Share of employment in agriculture, forestry and fishing in total employment - ILO Modelled Estimates","Total","2009","Value","ILO - ILO Modelled Estimates","%","1.5"
"Employment Indicators: Agriculture","Malta","Share of employment in agriculture, forestry and fishing in total employment - ILO Modelled Estimates","Total","2010","Value","ILO - ILO Modelled Estimates","%","1.3"
"Employment Indicators: Agriculture","Malta","Share of employment in agriculture, forestry and fishing in total employment - ILO Modelled Estimates","Total","2011","Value","ILO - ILO Modelled Estimates","%","1.2"
"Employment Indicators: Agriculture","Malta","Share of employment in agriculture, forestry and fishing in total employment - ILO Modelled Estimates","Total","2012","Value","ILO - ILO Modelled Estimates","%","1"
"Employment Indicators: Agriculture","Malta","Share of employment in agriculture, forestry and fishing in total employment - ILO Modelled Estimates","Total","2013","Value","ILO - ILO Modelled Estimates","%","1.3"
"Employment Indicators: Agriculture","Malta","Share of employment in agriculture, forestry and fishing in total employment - ILO Modelled Estimates","Total","2014","Value","ILO - ILO Modelled Estimates","%","1.3"
"Employment Indicators: Agriculture","Malta","Share of employment in agriculture, forestry and fishing in total employment - ILO Modelled Estimates","Total","2015","Value","ILO - ILO Modelled Estimates","%","1.5"
"Employment Indicators: Agriculture","Malta","Share of employment in agriculture, forestry and fishing in total employment - ILO Modelled Estimates","Total","2016","Value","ILO - ILO Modelled Estimates","%","1.2"
"Employment Indicators: Agriculture","Malta","Share of employment in agriculture, forestry and fishing in total employment - ILO Modelled Estimates","Total","2017","Value","ILO - ILO Modelled Estimates","%","1"
"Employment Indicators: Agriculture","Malta","Share of employment in agriculture, forestry and fishing in total employment - ILO Modelled Estimates","Total","2018","Value","ILO - ILO Modelled Estimates","%","1"
"Employment Indicators: Agriculture","Malta","Share of employment in agriculture, forestry and fishing in total employment - ILO Modelled Estimates","Total","2019","Value","ILO - ILO Modelled Estimates","%","1"
"Employment Indicators: Agriculture","Malta","Share of employment in agriculture, forestry and fishing in total employment - ILO Modelled Estimates","Total","2020","Value","ILO - ILO Modelled Estimates","%","1.1"
"Employment Indicators: Agriculture","Netherlands (Kingdom of the)","Share of employment in agriculture, forestry and fishing in total employment - ILO Modelled Estimates","Total","2006","Value","ILO - ILO Modelled Estimates","%","3.6"
"Employment Indicators: Agriculture","Netherlands (Kingdom of the)","Share of employment in agriculture, forestry and fishing in total employment - ILO Modelled Estimates","Total","2007","Value","ILO - ILO Modelled Estimates","%","3.3"
"Employment Indicators: Agriculture","Netherlands (Kingdom of the)","Share of employment in agriculture, forestry and fishing in total employment - ILO Modelled Estimates","Total","2008","Value","ILO - ILO Modelled Estimates","%","3.2"
"Employment Indicators: Agriculture","Netherlands (Kingdom of the)","Share of employment in agriculture, forestry and fishing in total employment - ILO Modelled Estimates","Total","2009","Value","ILO - ILO Modelled Estimates","%","3.1"
"Employment Indicators: Agriculture","Netherlands (Kingdom of the)","Share of employment in agriculture, forestry and fishing in total employment - ILO Modelled Estimates","Total","2010","Value","ILO - ILO Modelled Estimates","%","3.1"
"Employment Indicators: Agriculture","Netherlands (Kingdom of the)","Share of employment in agriculture, forestry and fishing in total employment - ILO Modelled Estimates","Total","2011","Value","ILO - ILO Modelled Estimates","%","2.8"
"Employment Indicators: Agriculture","Netherlands (Kingdom of the)","Share of employment in agriculture, forestry and fishing in total employment - ILO Modelled Estimates","Total","2012","Value","ILO - ILO Modelled Estimates","%","2.7"
"Employment Indicators: Agriculture","Netherlands (Kingdom of the)","Share of employment in agriculture, forestry and fishing in total employment - ILO Modelled Estimates","Total","2013","Value","ILO - ILO Modelled Estimates","%","2.1"
"Employment Indicators: Agriculture","Netherlands (Kingdom of the)","Share of employment in agriculture, forestry and fishing in total employment - ILO Modelled Estimates","Total","2014","Value","ILO - ILO Modelled Estimates","%","2.3"
"Employment Indicators: Agriculture","Netherlands (Kingdom of the)","Share of employment in agriculture, forestry and fishing in total employment - ILO Modelled Estimates","Total","2015","Value","ILO - ILO Modelled Estimates","%","2.3"
"Employment Indicators: Agriculture","Netherlands (Kingdom of the)","Share of employment in agriculture, forestry and fishing in total employment - ILO Modelled Estimates","Total","2016","Value","ILO - ILO Modelled Estimates","%","2.3"
"Employment Indicators: Agriculture","Netherlands (Kingdom of the)","Share of employment in agriculture, forestry and fishing in total employment - ILO Modelled Estimates","Total","2017","Value","ILO - ILO Modelled Estimates","%","2.3"
"Employment Indicators: Agriculture","Netherlands (Kingdom of the)","Share of employment in agriculture, forestry and fishing in total employment - ILO Modelled Estimates","Total","2018","Value","ILO - ILO Modelled Estimates","%","2.1"
"Employment Indicators: Agriculture","Netherlands (Kingdom of the)","Share of employment in agriculture, forestry and fishing in total employment - ILO Modelled Estimates","Total","2019","Value","ILO - ILO Modelled Estimates","%","2.1"
"Employment Indicators: Agriculture","Netherlands (Kingdom of the)","Share of employment in agriculture, forestry and fishing in total employment - ILO Modelled Estimates","Total","2020","Value","ILO - ILO Modelled Estimates","%","2.1"
"Employment Indicators: Agriculture","Poland","Share of employment in agriculture, forestry and fishing in total employment - ILO Modelled Estimates","Total","2006","Value","ILO - ILO Modelled Estimates","%","15.8"
"Employment Indicators: Agriculture","Poland","Share of employment in agriculture, forestry and fishing in total employment - ILO Modelled Estimates","Total","2007","Value","ILO - ILO Modelled Estimates","%","14.7"
"Employment Indicators: Agriculture","Poland","Share of employment in agriculture, forestry and fishing in total employment - ILO Modelled Estimates","Total","2008","Value","ILO - ILO Modelled Estimates","%","14"
"Employment Indicators: Agriculture","Poland","Share of employment in agriculture, forestry and fishing in total employment - ILO Modelled Estimates","Total","2009","Value","ILO - ILO Modelled Estimates","%","13.3"
"Employment Indicators: Agriculture","Poland","Share of employment in agriculture, forestry and fishing in total employment - ILO Modelled Estimates","Total","2010","Value","ILO - ILO Modelled Estimates","%","13.1"
"Employment Indicators: Agriculture","Poland","Share of employment in agriculture, forestry and fishing in total employment - ILO Modelled Estimates","Total","2011","Value","ILO - ILO Modelled Estimates","%","12.9"
"Employment Indicators: Agriculture","Poland","Share of employment in agriculture, forestry and fishing in total employment - ILO Modelled Estimates","Total","2012","Value","ILO - ILO Modelled Estimates","%","12.6"
"Employment Indicators: Agriculture","Poland","Share of employment in agriculture, forestry and fishing in total employment - ILO Modelled Estimates","Total","2013","Value","ILO - ILO Modelled Estimates","%","12"
"Employment Indicators: Agriculture","Poland","Share of employment in agriculture, forestry and fishing in total employment - ILO Modelled Estimates","Total","2014","Value","ILO - ILO Modelled Estimates","%","11.5"
"Employment Indicators: Agriculture","Poland","Share of employment in agriculture, forestry and fishing in total employment - ILO Modelled Estimates","Total","2015","Value","ILO - ILO Modelled Estimates","%","11.5"
"Employment Indicators: Agriculture","Poland","Share of employment in agriculture, forestry and fishing in total employment - ILO Modelled Estimates","Total","2016","Value","ILO - ILO Modelled Estimates","%","10.6"
"Employment Indicators: Agriculture","Poland","Share of employment in agriculture, forestry and fishing in total employment - ILO Modelled Estimates","Total","2017","Value","ILO - ILO Modelled Estimates","%","10.2"
"Employment Indicators: Agriculture","Poland","Share of employment in agriculture, forestry and fishing in total employment - ILO Modelled Estimates","Total","2018","Value","ILO - ILO Modelled Estimates","%","9.6"
"Employment Indicators: Agriculture","Poland","Share of employment in agriculture, forestry and fishing in total employment - ILO Modelled Estimates","Total","2019","Value","ILO - ILO Modelled Estimates","%","9.2"
"Employment Indicators: Agriculture","Poland","Share of employment in agriculture, forestry and fishing in total employment - ILO Modelled Estimates","Total","2020","Value","ILO - ILO Modelled Estimates","%","9.6"
"Employment Indicators: Agriculture","Portugal","Share of employment in agriculture, forestry and fishing in total employment - ILO Modelled Estimates","Total","2006","Value","ILO - ILO Modelled Estimates","%","11.9"
"Employment Indicators: Agriculture","Portugal","Share of employment in agriculture, forestry and fishing in total employment - ILO Modelled Estimates","Total","2007","Value","ILO - ILO Modelled Estimates","%","11.8"
"Employment Indicators: Agriculture","Portugal","Share of employment in agriculture, forestry and fishing in total employment - ILO Modelled Estimates","Total","2008","Value","ILO - ILO Modelled Estimates","%","11.4"
"Employment Indicators: Agriculture","Portugal","Share of employment in agriculture, forestry and fishing in total employment - ILO Modelled Estimates","Total","2009","Value","ILO - ILO Modelled Estimates","%","11.4"
"Employment Indicators: Agriculture","Portugal","Share of employment in agriculture, forestry and fishing in total employment - ILO Modelled Estimates","Total","2010","Value","ILO - ILO Modelled Estimates","%","11.2"
"Employment Indicators: Agriculture","Portugal","Share of employment in agriculture, forestry and fishing in total employment - ILO Modelled Estimates","Total","2011","Value","ILO - ILO Modelled Estimates","%","10.2"
"Employment Indicators: Agriculture","Portugal","Share of employment in agriculture, forestry and fishing in total employment - ILO Modelled Estimates","Total","2012","Value","ILO - ILO Modelled Estimates","%","10.8"
"Employment Indicators: Agriculture","Portugal","Share of employment in agriculture, forestry and fishing in total employment - ILO Modelled Estimates","Total","2013","Value","ILO - ILO Modelled Estimates","%","10.2"
"Employment Indicators: Agriculture","Portugal","Share of employment in agriculture, forestry and fishing in total employment - ILO Modelled Estimates","Total","2014","Value","ILO - ILO Modelled Estimates","%","8.6"
"Employment Indicators: Agriculture","Portugal","Share of employment in agriculture, forestry and fishing in total employment - ILO Modelled Estimates","Total","2015","Value","ILO - ILO Modelled Estimates","%","7.5"
"Employment Indicators: Agriculture","Portugal","Share of employment in agriculture, forestry and fishing in total employment - ILO Modelled Estimates","Total","2016","Value","ILO - ILO Modelled Estimates","%","6.9"
"Employment Indicators: Agriculture","Portugal","Share of employment in agriculture, forestry and fishing in total employment - ILO Modelled Estimates","Total","2017","Value","ILO - ILO Modelled Estimates","%","6.4"
"Employment Indicators: Agriculture","Portugal","Share of employment in agriculture, forestry and fishing in total employment - ILO Modelled Estimates","Total","2018","Value","ILO - ILO Modelled Estimates","%","6"
"Employment Indicators: Agriculture","Portugal","Share of employment in agriculture, forestry and fishing in total employment - ILO Modelled Estimates","Total","2019","Value","ILO - ILO Modelled Estimates","%","5.5"
"Employment Indicators: Agriculture","Portugal","Share of employment in agriculture, forestry and fishing in total employment - ILO Modelled Estimates","Total","2020","Value","ILO - ILO Modelled Estimates","%","5.4"
"Employment Indicators: Agriculture","Romania","Share of employment in agriculture, forestry and fishing in total employment - ILO Modelled Estimates","Total","2006","Value","ILO - ILO Modelled Estimates","%","30.6"
"Employment Indicators: Agriculture","Romania","Share of employment in agriculture, forestry and fishing in total employment - ILO Modelled Estimates","Total","2007","Value","ILO - ILO Modelled Estimates","%","29.5"
"Employment Indicators: Agriculture","Romania","Share of employment in agriculture, forestry and fishing in total employment - ILO Modelled Estimates","Total","2008","Value","ILO - ILO Modelled Estimates","%","28.7"
"Employment Indicators: Agriculture","Romania","Share of employment in agriculture, forestry and fishing in total employment - ILO Modelled Estimates","Total","2009","Value","ILO - ILO Modelled Estimates","%","29.1"
"Employment Indicators: Agriculture","Romania","Share of employment in agriculture, forestry and fishing in total employment - ILO Modelled Estimates","Total","2010","Value","ILO - ILO Modelled Estimates","%","31"
"Employment Indicators: Agriculture","Romania","Share of employment in agriculture, forestry and fishing in total employment - ILO Modelled Estimates","Total","2011","Value","ILO - ILO Modelled Estimates","%","29.3"
"Employment Indicators: Agriculture","Romania","Share of employment in agriculture, forestry and fishing in total employment - ILO Modelled Estimates","Total","2012","Value","ILO - ILO Modelled Estimates","%","29.7"
"Employment Indicators: Agriculture","Romania","Share of employment in agriculture, forestry and fishing in total employment - ILO Modelled Estimates","Total","2013","Value","ILO - ILO Modelled Estimates","%","29.3"
"Employment Indicators: Agriculture","Romania","Share of employment in agriculture, forestry and fishing in total employment - ILO Modelled Estimates","Total","2014","Value","ILO - ILO Modelled Estimates","%","28.3"
"Employment Indicators: Agriculture","Romania","Share of employment in agriculture, forestry and fishing in total employment - ILO Modelled Estimates","Total","2015","Value","ILO - ILO Modelled Estimates","%","25.6"
"Employment Indicators: Agriculture","Romania","Share of employment in agriculture, forestry and fishing in total employment - ILO Modelled Estimates","Total","2016","Value","ILO - ILO Modelled Estimates","%","23.1"
"Employment Indicators: Agriculture","Romania","Share of employment in agriculture, forestry and fishing in total employment - ILO Modelled Estimates","Total","2017","Value","ILO - ILO Modelled Estimates","%","22.8"
"Employment Indicators: Agriculture","Romania","Share of employment in agriculture, forestry and fishing in total employment - ILO Modelled Estimates","Total","2018","Value","ILO - ILO Modelled Estimates","%","22.3"
"Employment Indicators: Agriculture","Romania","Share of employment in agriculture, forestry and fishing in total employment - ILO Modelled Estimates","Total","2019","Value","ILO - ILO Modelled Estimates","%","21.2"
"Employment Indicators: Agriculture","Romania","Share of employment in agriculture, forestry and fishing in total employment - ILO Modelled Estimates","Total","2020","Value","ILO - ILO Modelled Estimates","%","20.5"
"Employment Indicators: Agriculture","Slovakia","Share of employment in agriculture, forestry and fishing in total employment - ILO Modelled Estimates","Total","2006","Value","ILO - ILO Modelled Estimates","%","4.4"
"Employment Indicators: Agriculture","Slovakia","Share of employment in agriculture, forestry and fishing in total employment - ILO Modelled Estimates","Total","2007","Value","ILO - ILO Modelled Estimates","%","4.2"
"Employment Indicators: Agriculture","Slovakia","Share of employment in agriculture, forestry and fishing in total employment - ILO Modelled Estimates","Total","2008","Value","ILO - ILO Modelled Estimates","%","4"
"Employment Indicators: Agriculture","Slovakia","Share of employment in agriculture, forestry and fishing in total employment - ILO Modelled Estimates","Total","2009","Value","ILO - ILO Modelled Estimates","%","3.6"
"Employment Indicators: Agriculture","Slovakia","Share of employment in agriculture, forestry and fishing in total employment - ILO Modelled Estimates","Total","2010","Value","ILO - ILO Modelled Estimates","%","3.2"
"Employment Indicators: Agriculture","Slovakia","Share of employment in agriculture, forestry and fishing in total employment - ILO Modelled Estimates","Total","2011","Value","ILO - ILO Modelled Estimates","%","3.1"
"Employment Indicators: Agriculture","Slovakia","Share of employment in agriculture, forestry and fishing in total employment - ILO Modelled Estimates","Total","2012","Value","ILO - ILO Modelled Estimates","%","3.2"
"Employment Indicators: Agriculture","Slovakia","Share of employment in agriculture, forestry and fishing in total employment - ILO Modelled Estimates","Total","2013","Value","ILO - ILO Modelled Estimates","%","3.3"
"Employment Indicators: Agriculture","Slovakia","Share of employment in agriculture, forestry and fishing in total employment - ILO Modelled Estimates","Total","2014","Value","ILO - ILO Modelled Estimates","%","3.5"
"Employment Indicators: Agriculture","Slovakia","Share of employment in agriculture, forestry and fishing in total employment - ILO Modelled Estimates","Total","2015","Value","ILO - ILO Modelled Estimates","%","3.2"
"Employment Indicators: Agriculture","Slovakia","Share of employment in agriculture, forestry and fishing in total employment - ILO Modelled Estimates","Total","2016","Value","ILO - ILO Modelled Estimates","%","2.9"
"Employment Indicators: Agriculture","Slovakia","Share of employment in agriculture, forestry and fishing in total employment - ILO Modelled Estimates","Total","2017","Value","ILO - ILO Modelled Estimates","%","2.7"
"Employment Indicators: Agriculture","Slovakia","Share of employment in agriculture, forestry and fishing in total employment - ILO Modelled Estimates","Total","2018","Value","ILO - ILO Modelled Estimates","%","2.3"
"Employment Indicators: Agriculture","Slovakia","Share of employment in agriculture, forestry and fishing in total employment - ILO Modelled Estimates","Total","2019","Value","ILO - ILO Modelled Estimates","%","2.8"
"Employment Indicators: Agriculture","Slovakia","Share of employment in agriculture, forestry and fishing in total employment - ILO Modelled Estimates","Total","2020","Value","ILO - ILO Modelled Estimates","%","2.6"
"Employment Indicators: Agriculture","Slovenia","Share of employment in agriculture, forestry and fishing in total employment - ILO Modelled Estimates","Total","2006","Value","ILO - ILO Modelled Estimates","%","9.6"
"Employment Indicators: Agriculture","Slovenia","Share of employment in agriculture, forestry and fishing in total employment - ILO Modelled Estimates","Total","2007","Value","ILO - ILO Modelled Estimates","%","9.9"
"Employment Indicators: Agriculture","Slovenia","Share of employment in agriculture, forestry and fishing in total employment - ILO Modelled Estimates","Total","2008","Value","ILO - ILO Modelled Estimates","%","8.6"
"Employment Indicators: Agriculture","Slovenia","Share of employment in agriculture, forestry and fishing in total employment - ILO Modelled Estimates","Total","2009","Value","ILO - ILO Modelled Estimates","%","9.1"
"Employment Indicators: Agriculture","Slovenia","Share of employment in agriculture, forestry and fishing in total employment - ILO Modelled Estimates","Total","2010","Value","ILO - ILO Modelled Estimates","%","8.8"
"Employment Indicators: Agriculture","Slovenia","Share of employment in agriculture, forestry and fishing in total employment - ILO Modelled Estimates","Total","2011","Value","ILO - ILO Modelled Estimates","%","8.6"
"Employment Indicators: Agriculture","Slovenia","Share of employment in agriculture, forestry and fishing in total employment - ILO Modelled Estimates","Total","2012","Value","ILO - ILO Modelled Estimates","%","8.4"
"Employment Indicators: Agriculture","Slovenia","Share of employment in agriculture, forestry and fishing in total employment - ILO Modelled Estimates","Total","2013","Value","ILO - ILO Modelled Estimates","%","8.5"
"Employment Indicators: Agriculture","Slovenia","Share of employment in agriculture, forestry and fishing in total employment - ILO Modelled Estimates","Total","2014","Value","ILO - ILO Modelled Estimates","%","9.6"
"Employment Indicators: Agriculture","Slovenia","Share of employment in agriculture, forestry and fishing in total employment - ILO Modelled Estimates","Total","2015","Value","ILO - ILO Modelled Estimates","%","7.1"
"Employment Indicators: Agriculture","Slovenia","Share of employment in agriculture, forestry and fishing in total employment - ILO Modelled Estimates","Total","2016","Value","ILO - ILO Modelled Estimates","%","5"
"Employment Indicators: Agriculture","Slovenia","Share of employment in agriculture, forestry and fishing in total employment - ILO Modelled Estimates","Total","2017","Value","ILO - ILO Modelled Estimates","%","5.6"
"Employment Indicators: Agriculture","Slovenia","Share of employment in agriculture, forestry and fishing in total employment - ILO Modelled Estimates","Total","2018","Value","ILO - ILO Modelled Estimates","%","5.5"
"Employment Indicators: Agriculture","Slovenia","Share of employment in agriculture, forestry and fishing in total employment - ILO Modelled Estimates","Total","2019","Value","ILO - ILO Modelled Estimates","%","4.3"
"Employment Indicators: Agriculture","Slovenia","Share of employment in agriculture, forestry and fishing in total employment - ILO Modelled Estimates","Total","2020","Value","ILO - ILO Modelled Estimates","%","4.1"
"Employment Indicators: Agriculture","Spain","Share of employment in agriculture, forestry and fishing in total employment - ILO Modelled Estimates","Total","2006","Value","ILO - ILO Modelled Estimates","%","4.8"
"Employment Indicators: Agriculture","Spain","Share of employment in agriculture, forestry and fishing in total employment - ILO Modelled Estimates","Total","2007","Value","ILO - ILO Modelled Estimates","%","4.5"
"Employment Indicators: Agriculture","Spain","Share of employment in agriculture, forestry and fishing in total employment - ILO Modelled Estimates","Total","2008","Value","ILO - ILO Modelled Estimates","%","4"
"Employment Indicators: Agriculture","Spain","Share of employment in agriculture, forestry and fishing in total employment - ILO Modelled Estimates","Total","2009","Value","ILO - ILO Modelled Estimates","%","4.1"
"Employment Indicators: Agriculture","Spain","Share of employment in agriculture, forestry and fishing in total employment - ILO Modelled Estimates","Total","2010","Value","ILO - ILO Modelled Estimates","%","4.2"
"Employment Indicators: Agriculture","Spain","Share of employment in agriculture, forestry and fishing in total employment - ILO Modelled Estimates","Total","2011","Value","ILO - ILO Modelled Estimates","%","4.1"
"Employment Indicators: Agriculture","Spain","Share of employment in agriculture, forestry and fishing in total employment - ILO Modelled Estimates","Total","2012","Value","ILO - ILO Modelled Estimates","%","4.2"
"Employment Indicators: Agriculture","Spain","Share of employment in agriculture, forestry and fishing in total employment - ILO Modelled Estimates","Total","2013","Value","ILO - ILO Modelled Estimates","%","4.3"
"Employment Indicators: Agriculture","Spain","Share of employment in agriculture, forestry and fishing in total employment - ILO Modelled Estimates","Total","2014","Value","ILO - ILO Modelled Estimates","%","4.2"
"Employment Indicators: Agriculture","Spain","Share of employment in agriculture, forestry and fishing in total employment - ILO Modelled Estimates","Total","2015","Value","ILO - ILO Modelled Estimates","%","4.1"
"Employment Indicators: Agriculture","Spain","Share of employment in agriculture, forestry and fishing in total employment - ILO Modelled Estimates","Total","2016","Value","ILO - ILO Modelled Estimates","%","4.2"
"Employment Indicators: Agriculture","Spain","Share of employment in agriculture, forestry and fishing in total employment - ILO Modelled Estimates","Total","2017","Value","ILO - ILO Modelled Estimates","%","4.4"
"Employment Indicators: Agriculture","Spain","Share of employment in agriculture, forestry and fishing in total employment - ILO Modelled Estimates","Total","2018","Value","ILO - ILO Modelled Estimates","%","4.2"
"Employment Indicators: Agriculture","Spain","Share of employment in agriculture, forestry and fishing in total employment - ILO Modelled Estimates","Total","2019","Value","ILO - ILO Modelled Estimates","%","4"
"Employment Indicators: Agriculture","Spain","Share of employment in agriculture, forestry and fishing in total employment - ILO Modelled Estimates","Total","2020","Value","ILO - ILO Modelled Estimates","%","4"
"Employment Indicators: Agriculture","Sweden","Share of employment in agriculture, forestry and fishing in total employment - ILO Modelled Estimates","Total","2006","Value","ILO - ILO Modelled Estimates","%","2.2"
"Employment Indicators: Agriculture","Sweden","Share of employment in agriculture, forestry and fishing in total employment - ILO Modelled Estimates","Total","2007","Value","ILO - ILO Modelled Estimates","%","2.3"
"Employment Indicators: Agriculture","Sweden","Share of employment in agriculture, forestry and fishing in total employment - ILO Modelled Estimates","Total","2008","Value","ILO - ILO Modelled Estimates","%","2.1"
"Employment Indicators: Agriculture","Sweden","Share of employment in agriculture, forestry and fishing in total employment - ILO Modelled Estimates","Total","2009","Value","ILO - ILO Modelled Estimates","%","2.2"
"Employment Indicators: Agriculture","Sweden","Share of employment in agriculture, forestry and fishing in total employment - ILO Modelled Estimates","Total","2010","Value","ILO - ILO Modelled Estimates","%","2.1"
"Employment Indicators: Agriculture","Sweden","Share of employment in agriculture, forestry and fishing in total employment - ILO Modelled Estimates","Total","2011","Value","ILO - ILO Modelled Estimates","%","2"
"Employment Indicators: Agriculture","Sweden","Share of employment in agriculture, forestry and fishing in total employment - ILO Modelled Estimates","Total","2012","Value","ILO - ILO Modelled Estimates","%","2.1"
"Employment Indicators: Agriculture","Sweden","Share of employment in agriculture, forestry and fishing in total employment - ILO Modelled Estimates","Total","2013","Value","ILO - ILO Modelled Estimates","%","2"
"Employment Indicators: Agriculture","Sweden","Share of employment in agriculture, forestry and fishing in total employment - ILO Modelled Estimates","Total","2014","Value","ILO - ILO Modelled Estimates","%","2"
"Employment Indicators: Agriculture","Sweden","Share of employment in agriculture, forestry and fishing in total employment - ILO Modelled Estimates","Total","2015","Value","ILO - ILO Modelled Estimates","%","2"
"Employment Indicators: Agriculture","Sweden","Share of employment in agriculture, forestry and fishing in total employment - ILO Modelled Estimates","Total","2016","Value","ILO - ILO Modelled Estimates","%","1.9"
"Employment Indicators: Agriculture","Sweden","Share of employment in agriculture, forestry and fishing in total employment - ILO Modelled Estimates","Total","2017","Value","ILO - ILO Modelled Estimates","%","1.8"
"Employment Indicators: Agriculture","Sweden","Share of employment in agriculture, forestry and fishing in total employment - ILO Modelled Estimates","Total","2018","Value","ILO - ILO Modelled Estimates","%","1.7"
"Employment Indicators: Agriculture","Sweden","Share of employment in agriculture, forestry and fishing in total employment - ILO Modelled Estimates","Total","2019","Value","ILO - ILO Modelled Estimates","%","1.7"
"Employment Indicators: Agriculture","Sweden","Share of employment in agriculture, forestry and fishing in total employment - ILO Modelled Estimates","Total","2020","Value","ILO - ILO Modelled Estimates","%","1.7"
