"Country Group Code","Country Group","Group M49 Code","Country Code","Country","M49 Code","ISO2 Code","ISO3 Code"
"5100","Africa","002","107","Côte d'Ivoire","384","CI","CIV"
"5100","Africa","002","114","Kenya","404","KE","KEN"
"5100","Africa","002","122","Lesotho","426","LS","LSO"
"5100","Africa","002","123","Liberia","430","LR","LBR"
"5100","Africa","002","124","Libya","434","LY","LBY"
"5100","Africa","002","129","Madagascar","450","MG","MDG"
"5100","Africa","002","130","Malawi","454","MW","MWI"
"5100","Africa","002","133","Mali","466","ML","MLI"
"5100","Africa","002","136","Mauritania","478","MR","MRT"
"5100","Africa","002","137","Mauritius","480","MU","MUS"
"5100","Africa","002","143","Morocco","504","MA","MAR"
"5100","Africa","002","144","Mozambique","508","MZ","MOZ"
"5100","Africa","002","147","Namibia","516","NA","NAM"
"5100","Africa","002","158","Niger","562","NE","NER"
"5100","Africa","002","159","Nigeria","566","NG","NGA"
"5100","Africa","002","175","Guinea-Bissau","624","GW","GNB"
"5100","Africa","002","178","Eritrea","232","ER","ERI"
"5100","Africa","002","181","Zimbabwe","716","ZW","ZWE"
"5100","Africa","002","182","Réunion","638","RE","REU"
"5100","Africa","002","184","Rwanda","646","RW","RWA"
"5100","Africa","002","193","Sao Tome and Principe","678","ST","STP"
"5100","Africa","002","195","Senegal","686","SN","SEN"
"5100","Africa","002","196","Seychelles","690","SC","SYC"
"5100","Africa","002","197","Sierra Leone","694","SL","SLE"
"5100","Africa","002","20","Botswana","072","BW","BWA"
"5100","Africa","002","201","Somalia","706","SO","SOM"
"5100","Africa","002","202","South Africa","710","ZA","ZAF"
"5100","Africa","002","206","Sudan (former)","736","F206","F206"
"5100","Africa","002","209","Eswatini","748","SZ","SWZ"
"5100","Africa","002","215","United Republic of Tanzania","834","TZ","TZA"
"5100","Africa","002","217","Togo","768","TG","TGO"
"5100","Africa","002","222","Tunisia","788","TN","TUN"
"5100","Africa","002","226","Uganda","800","UG","UGA"
"5100","Africa","002","233","Burkina Faso","854","BF","BFA"
"5100","Africa","002","238","Ethiopia","231","ET","ETH"
"5100","Africa","002","250","Democratic Republic of the Congo","180","CD","COD"
"5100","Africa","002","251","Zambia","894","ZM","ZMB"
"5100","Africa","002","276","Sudan","729","SD","SDN"
"5100","Africa","002","277","South Sudan","728","SS","SSD"
"5100","Africa","002","29","Burundi","108","BI","BDI"
"5100","Africa","002","32","Cameroon","120","CM","CMR"
"5100","Africa","002","35","Cabo Verde","132","CV","CPV"
"5100","Africa","002","37","Central African Republic","140","CF","CAF"
"5100","Africa","002","39","Chad","148","TD","TCD"
"5100","Africa","002","4","Algeria","012","DZ","DZA"
"5100","Africa","002","45","Comoros","174","KM","COM"
"5100","Africa","002","46","Congo","178","CG","COG"
"5100","Africa","002","53","Benin","204","BJ","BEN"
"5100","Africa","002","59","Egypt","818","EG","EGY"
"5100","Africa","002","61","Equatorial Guinea","226","GQ","GNQ"
"5100","Africa","002","62","Ethiopia PDR","230","F62","F62"
"5100","Africa","002","7","Angola","024","AO","AGO"
"5100","Africa","002","72","Djibouti","262","DJ","DJI"
"5100","Africa","002","74","Gabon","266","GA","GAB"
"5100","Africa","002","75","Gambia","270","GM","GMB"
"5100","Africa","002","81","Ghana","288","GH","GHA"
"5100","Africa","002","90","Guinea","324","GN","GIN"
"5200","Americas","019","109","Jamaica","388","JM","JAM"
"5200","Americas","019","12","Bahamas","044","BS","BHS"
"5200","Americas","019","135","Martinique","474","MQ","MTQ"
"5200","Americas","019","138","Mexico","484","MX","MEX"
"5200","Americas","019","14","Barbados","052","BB","BRB"
"5200","Americas","019","157","Nicaragua","558","NI","NIC"
"5200","Americas","019","166","Panama","591","PA","PAN"
"5200","Americas","019","169","Paraguay","600","PY","PRY"
"5200","Americas","019","170","Peru","604","PE","PER"
"5200","Americas","019","177","Puerto Rico","630","PR","PRI"
"5200","Americas","019","188","Saint Kitts and Nevis","659","KN","KNA"
"5200","Americas","019","189","Saint Lucia","662","LC","LCA"
"5200","Americas","019","19","Bolivia (Plurinational State of)","068","BO","BOL"
"5200","Americas","019","191","Saint Vincent and the Grenadines","670","VC","VCT"
"5200","Americas","019","207","Suriname","740","SR","SUR"
"5200","Americas","019","21","Brazil","076","BR","BRA"
"5200","Americas","019","220","Trinidad and Tobago","780","TT","TTO"
"5200","Americas","019","23","Belize","084","BZ","BLZ"
"5200","Americas","019","231","United States of America","840","US","USA"
"5200","Americas","019","234","Uruguay","858","UY","URY"
"5200","Americas","019","236","Venezuela (Bolivarian Republic of)","862","VE","VEN"
"5200","Americas","019","33","Canada","124","CA","CAN"
"5200","Americas","019","40","Chile","152","CL","CHL"
"5200","Americas","019","44","Colombia","170","CO","COL"
"5200","Americas","019","48","Costa Rica","188","CR","CRI"
"5200","Americas","019","49","Cuba","192","CU","CUB"
"5200","Americas","019","55","Dominica","212","DM","DMA"
"5200","Americas","019","56","Dominican Republic","214","DO","DOM"
"5200","Americas","019","58","Ecuador","218","EC","ECU"
"5200","Americas","019","60","El Salvador","222","SV","SLV"
"5200","Americas","019","69","French Guiana","254","GF","GUF"
"5200","Americas","019","8","Antigua and Barbuda","028","AG","ATG"
"5200","Americas","019","86","Grenada","308","GD","GRD"
"5200","Americas","019","87","Guadeloupe","312","GP","GLP"
"5200","Americas","019","89","Guatemala","320","GT","GTM"
"5200","Americas","019","9","Argentina","032","AR","ARG"
"5200","Americas","019","91","Guyana","328","GY","GUY"
"5200","Americas","019","93","Haiti","332","HT","HTI"
"5200","Americas","019","95","Honduras","340","HN","HND"
"5300","Asia","142","1","Armenia","051","AM","ARM"
"5300","Asia","142","100","India","356","IN","IND"
"5300","Asia","142","101","Indonesia","360","ID","IDN"
"5300","Asia","142","102","Iran (Islamic Republic of)","364","IR","IRN"
"5300","Asia","142","103","Iraq","368","IQ","IRQ"
"5300","Asia","142","105","Israel","376","IL","ISR"
"5300","Asia","142","108","Kazakhstan","398","KZ","KAZ"
"5300","Asia","142","110","Japan","392","JP","JPN"
"5300","Asia","142","112","Jordan","400","JO","JOR"
"5300","Asia","142","113","Kyrgyzstan","417","KG","KGZ"
"5300","Asia","142","115","Cambodia","116","KH","KHM"
"5300","Asia","142","116","Democratic People's Republic of Korea","408","KP","PRK"
"5300","Asia","142","117","Republic of Korea","410","KR","KOR"
"5300","Asia","142","118","Kuwait","414","KW","KWT"
"5300","Asia","142","120","Lao People's Democratic Republic","418","LA","LAO"
"5300","Asia","142","121","Lebanon","422","LB","LBN"
"5300","Asia","142","128","China, Macao SAR","446","MO","MAC"
"5300","Asia","142","13","Bahrain","048","BH","BHR"
"5300","Asia","142","131","Malaysia","458","MY","MYS"
"5300","Asia","142","132","Maldives","462","MV","MDV"
"5300","Asia","142","141","Mongolia","496","MN","MNG"
"5300","Asia","142","149","Nepal","524","NP","NPL"
"5300","Asia","142","16","Bangladesh","050","BD","BGD"
"5300","Asia","142","165","Pakistan","586","PK","PAK"
"5300","Asia","142","171","Philippines","608","PH","PHL"
"5300","Asia","142","176","Timor-Leste","626","TL","TLS"
"5300","Asia","142","179","Qatar","634","QA","QAT"
"5300","Asia","142","18","Bhutan","064","BT","BTN"
"5300","Asia","142","194","Saudi Arabia","682","SA","SAU"
"5300","Asia","142","2","Afghanistan","004","AF","AFG"
"5300","Asia","142","200","Singapore","702","SG","SGP"
"5300","Asia","142","208","Tajikistan","762","TJ","TJK"
"5300","Asia","142","212","Syrian Arab Republic","760","SY","SYR"
"5300","Asia","142","213","Turkmenistan","795","TM","TKM"
"5300","Asia","142","214","China, Taiwan Province of","158","TW","TWN"
"5300","Asia","142","216","Thailand","764","TH","THA"
"5300","Asia","142","221","Oman","512","OM","OMN"
"5300","Asia","142","223","Türkiye","792","TR","TUR"
"5300","Asia","142","225","United Arab Emirates","784","AE","ARE"
"5300","Asia","142","235","Uzbekistan","860","UZ","UZB"
"5300","Asia","142","237","Viet Nam","704","VN","VNM"
"5300","Asia","142","249","Yemen","887","YE","YEM"
"5300","Asia","142","26","Brunei Darussalam","096","BN","BRN"
"5300","Asia","142","28","Myanmar","104","MM","MMR"
"5300","Asia","142","299","Palestine","275","F299","PSE"
"5300","Asia","142","351","China","159","F351","F351"
"5300","Asia","142","38","Sri Lanka","144","LK","LKA"
"5300","Asia","142","41","China, mainland","156","CN","CHN"
"5300","Asia","142","50","Cyprus","196","CY","CYP"
"5300","Asia","142","52","Azerbaijan","031","AZ","AZE"
"5300","Asia","142","73","Georgia","268","GE","GEO"
"5300","Asia","142","96","China, Hong Kong SAR","344","HK","HKG"
"5501","Australia and New Zealand","053","10","Australia","036","AU","AUS"
"5501","Australia and New Zealand","053","156","New Zealand","554","NZ","NZL"
"5206","Caribbean","029","109","Jamaica","388","JM","JAM"
"5206","Caribbean","029","12","Bahamas","044","BS","BHS"
"5206","Caribbean","029","135","Martinique","474","MQ","MTQ"
"5206","Caribbean","029","14","Barbados","052","BB","BRB"
"5206","Caribbean","029","177","Puerto Rico","630","PR","PRI"
"5206","Caribbean","029","188","Saint Kitts and Nevis","659","KN","KNA"
"5206","Caribbean","029","189","Saint Lucia","662","LC","LCA"
"5206","Caribbean","029","191","Saint Vincent and the Grenadines","670","VC","VCT"
"5206","Caribbean","029","220","Trinidad and Tobago","780","TT","TTO"
"5206","Caribbean","029","49","Cuba","192","CU","CUB"
"5206","Caribbean","029","55","Dominica","212","DM","DMA"
"5206","Caribbean","029","56","Dominican Republic","214","DO","DOM"
"5206","Caribbean","029","8","Antigua and Barbuda","028","AG","ATG"
"5206","Caribbean","029","86","Grenada","308","GD","GRD"
"5206","Caribbean","029","87","Guadeloupe","312","GP","GLP"
"5206","Caribbean","029","93","Haiti","332","HT","HTI"
"5204","Central America","013","138","Mexico","484","MX","MEX"
"5204","Central America","013","157","Nicaragua","558","NI","NIC"
"5204","Central America","013","166","Panama","591","PA","PAN"
"5204","Central America","013","23","Belize","084","BZ","BLZ"
"5204","Central America","013","48","Costa Rica","188","CR","CRI"
"5204","Central America","013","60","El Salvador","222","SV","SLV"
"5204","Central America","013","89","Guatemala","320","GT","GTM"
"5204","Central America","013","95","Honduras","340","HN","HND"
"5301","Central Asia","143","108","Kazakhstan","398","KZ","KAZ"
"5301","Central Asia","143","113","Kyrgyzstan","417","KG","KGZ"
"5301","Central Asia","143","208","Tajikistan","762","TJ","TJK"
"5301","Central Asia","143","213","Turkmenistan","795","TM","TKM"
"5301","Central Asia","143","235","Uzbekistan","860","UZ","UZB"
"5101","Eastern Africa","014","114","Kenya","404","KE","KEN"
"5101","Eastern Africa","014","129","Madagascar","450","MG","MDG"
"5101","Eastern Africa","014","130","Malawi","454","MW","MWI"
"5101","Eastern Africa","014","137","Mauritius","480","MU","MUS"
"5101","Eastern Africa","014","144","Mozambique","508","MZ","MOZ"
"5101","Eastern Africa","014","178","Eritrea","232","ER","ERI"
"5101","Eastern Africa","014","181","Zimbabwe","716","ZW","ZWE"
"5101","Eastern Africa","014","182","Réunion","638","RE","REU"
"5101","Eastern Africa","014","184","Rwanda","646","RW","RWA"
"5101","Eastern Africa","014","196","Seychelles","690","SC","SYC"
"5101","Eastern Africa","014","201","Somalia","706","SO","SOM"
"5101","Eastern Africa","014","215","United Republic of Tanzania","834","TZ","TZA"
"5101","Eastern Africa","014","226","Uganda","800","UG","UGA"
"5101","Eastern Africa","014","238","Ethiopia","231","ET","ETH"
"5101","Eastern Africa","014","251","Zambia","894","ZM","ZMB"
"5101","Eastern Africa","014","277","South Sudan","728","SS","SSD"
"5101","Eastern Africa","014","29","Burundi","108","BI","BDI"
"5101","Eastern Africa","014","45","Comoros","174","KM","COM"
"5101","Eastern Africa","014","62","Ethiopia PDR","230","F62","F62"
"5101","Eastern Africa","014","72","Djibouti","262","DJ","DJI"
"5302","Eastern Asia","030","110","Japan","392","JP","JPN"
"5302","Eastern Asia","030","116","Democratic People's Republic of Korea","408","KP","PRK"
"5302","Eastern Asia","030","117","Republic of Korea","410","KR","KOR"
"5302","Eastern Asia","030","128","China, Macao SAR","446","MO","MAC"
"5302","Eastern Asia","030","141","Mongolia","496","MN","MNG"
"5302","Eastern Asia","030","214","China, Taiwan Province of","158","TW","TWN"
"5302","Eastern Asia","030","351","China","159","F351","F351"
"5302","Eastern Asia","030","41","China, mainland","156","CN","CHN"
"5302","Eastern Asia","030","96","China, Hong Kong SAR","344","HK","HKG"
"5401","Eastern Europe","151","146","Republic of Moldova","498","MD","MDA"
"5401","Eastern Europe","151","167","Czechia","203","CZ","CZE"
"5401","Eastern Europe","151","173","Poland","616","PL","POL"
"5401","Eastern Europe","151","183","Romania","642","RO","ROU"
"5401","Eastern Europe","151","185","Russian Federation","643","RU","RUS"
"5401","Eastern Europe","151","199","Slovakia","703","SK","SVK"
"5401","Eastern Europe","151","228","USSR","810","F228","F228"
"5401","Eastern Europe","151","230","Ukraine","804","UA","UKR"
"5401","Eastern Europe","151","27","Bulgaria","100","BG","BGR"
"5401","Eastern Europe","151","51","Czechoslovakia","200","F51","F51"
"5401","Eastern Europe","151","57","Belarus","112","BY","BLR"
"5401","Eastern Europe","151","97","Hungary","348","HU","HUN"
"5400","Europe","150","104","Ireland","372","IE","IRL"
"5400","Europe","150","106","Italy","380","IT","ITA"
"5400","Europe","150","11","Austria","040","AT","AUT"
"5400","Europe","150","119","Latvia","428","LV","LVA"
"5400","Europe","150","126","Lithuania","440","LT","LTU"
"5400","Europe","150","134","Malta","470","MT","MLT"
"5400","Europe","150","146","Republic of Moldova","498","MD","MDA"
"5400","Europe","150","15","Belgium-Luxembourg","058","F15","F15"
"5400","Europe","150","150","Netherlands (Kingdom of the)","528","NL","NLD"
"5400","Europe","150","154","North Macedonia","807","MK","MKD"
"5400","Europe","150","162","Norway","578","NO","NOR"
"5400","Europe","150","167","Czechia","203","CZ","CZE"
"5400","Europe","150","173","Poland","616","PL","POL"
"5400","Europe","150","174","Portugal","620","PT","PRT"
"5400","Europe","150","183","Romania","642","RO","ROU"
"5400","Europe","150","185","Russian Federation","643","RU","RUS"
"5400","Europe","150","186","Serbia and Montenegro","891","CS","SCG"
"5400","Europe","150","198","Slovenia","705","SI","SVN"
"5400","Europe","150","199","Slovakia","703","SK","SVK"
"5400","Europe","150","203","Spain","724","ES","ESP"
"5400","Europe","150","210","Sweden","752","SE","SWE"
"5400","Europe","150","211","Switzerland","756","CH","CHE"
"5400","Europe","150","228","USSR","810","F228","F228"
"5400","Europe","150","229","United Kingdom of Great Britain and Northern Ireland","826","GB","GBR"
"5400","Europe","150","230","Ukraine","804","UA","UKR"
"5400","Europe","150","248","Yugoslav SFR","890","F248","F248"
"5400","Europe","150","255","Belgium","056","BE","BEL"
"5400","Europe","150","256","Luxembourg","442","LU","LUX"
"5400","Europe","150","27","Bulgaria","100","BG","BGR"
"5400","Europe","150","272","Serbia","688","RS","SRB"
"5400","Europe","150","273","Montenegro","499","ME","MNE"
"5400","Europe","150","3","Albania","008","AL","ALB"
"5400","Europe","150","51","Czechoslovakia","200","F51","F51"
"5400","Europe","150","54","Denmark","208","DK","DNK"
"5400","Europe","150","57","Belarus","112","BY","BLR"
"5400","Europe","150","63","Estonia","233","EE","EST"
"5400","Europe","150","64","Faroe Islands","234","FO","FRO"
"5400","Europe","150","67","Finland","246","FI","FIN"
"5400","Europe","150","68","France","250","FR","FRA"
"5400","Europe","150","79","Germany","276","DE","DEU"
"5400","Europe","150","80","Bosnia and Herzegovina","070","BA","BIH"
"5400","Europe","150","84","Greece","300","GR","GRC"
"5400","Europe","150","97","Hungary","348","HU","HUN"
"5400","Europe","150","98","Croatia","191","HR","HRV"
"5400","Europe","150","99","Iceland","352","IS","ISL"
"5707","European Union (27)","097","104","Ireland","372","IE","IRL"
"5707","European Union (27)","097","106","Italy","380","IT","ITA"
"5707","European Union (27)","097","11","Austria","040","AT","AUT"
"5707","European Union (27)","097","119","Latvia","428","LV","LVA"
"5707","European Union (27)","097","126","Lithuania","440","LT","LTU"
"5707","European Union (27)","097","134","Malta","470","MT","MLT"
"5707","European Union (27)","097","15","Belgium-Luxembourg","058","F15","F15"
"5707","European Union (27)","097","150","Netherlands (Kingdom of the)","528","NL","NLD"
"5707","European Union (27)","097","167","Czechia","203","CZ","CZE"
"5707","European Union (27)","097","173","Poland","616","PL","POL"
"5707","European Union (27)","097","174","Portugal","620","PT","PRT"
"5707","European Union (27)","097","183","Romania","642","RO","ROU"
"5707","European Union (27)","097","198","Slovenia","705","SI","SVN"
"5707","European Union (27)","097","199","Slovakia","703","SK","SVK"
"5707","European Union (27)","097","203","Spain","724","ES","ESP"
"5707","European Union (27)","097","210","Sweden","752","SE","SWE"
"5707","European Union (27)","097","255","Belgium","056","BE","BEL"
"5707","European Union (27)","097","256","Luxembourg","442","LU","LUX"
"5707","European Union (27)","097","27","Bulgaria","100","BG","BGR"
"5707","European Union (27)","097","50","Cyprus","196","CY","CYP"
"5707","European Union (27)","097","54","Denmark","208","DK","DNK"
"5707","European Union (27)","097","63","Estonia","233","EE","EST"
"5707","European Union (27)","097","67","Finland","246","FI","FIN"
"5707","European Union (27)","097","68","France","250","FR","FRA"
"5707","European Union (27)","097","79","Germany","276","DE","DEU"
"5707","European Union (27)","097","84","Greece","300","GR","GRC"
"5707","European Union (27)","097","97","Hungary","348","HU","HUN"
"5707","European Union (27)","097","98","Croatia","191","HR","HRV"
"5802","Land Locked Developing Countries","432","1","Armenia","051","AM","ARM"
"5802","Land Locked Developing Countries","432","108","Kazakhstan","398","KZ","KAZ"
"5802","Land Locked Developing Countries","432","113","Kyrgyzstan","417","KG","KGZ"
"5802","Land Locked Developing Countries","432","120","Lao People's Democratic Republic","418","LA","LAO"
"5802","Land Locked Developing Countries","432","122","Lesotho","426","LS","LSO"
"5802","Land Locked Developing Countries","432","130","Malawi","454","MW","MWI"
"5802","Land Locked Developing Countries","432","133","Mali","466","ML","MLI"
"5802","Land Locked Developing Countries","432","141","Mongolia","496","MN","MNG"
"5802","Land Locked Developing Countries","432","146","Republic of Moldova","498","MD","MDA"
"5802","Land Locked Developing Countries","432","149","Nepal","524","NP","NPL"
"5802","Land Locked Developing Countries","432","154","North Macedonia","807","MK","MKD"
"5802","Land Locked Developing Countries","432","158","Niger","562","NE","NER"
"5802","Land Locked Developing Countries","432","169","Paraguay","600","PY","PRY"
"5802","Land Locked Developing Countries","432","18","Bhutan","064","BT","BTN"
"5802","Land Locked Developing Countries","432","181","Zimbabwe","716","ZW","ZWE"
"5802","Land Locked Developing Countries","432","184","Rwanda","646","RW","RWA"
"5802","Land Locked Developing Countries","432","19","Bolivia (Plurinational State of)","068","BO","BOL"
"5802","Land Locked Developing Countries","432","2","Afghanistan","004","AF","AFG"
"5802","Land Locked Developing Countries","432","20","Botswana","072","BW","BWA"
"5802","Land Locked Developing Countries","432","208","Tajikistan","762","TJ","TJK"
"5802","Land Locked Developing Countries","432","209","Eswatini","748","SZ","SWZ"
"5802","Land Locked Developing Countries","432","213","Turkmenistan","795","TM","TKM"
"5802","Land Locked Developing Countries","432","226","Uganda","800","UG","UGA"
"5802","Land Locked Developing Countries","432","233","Burkina Faso","854","BF","BFA"
"5802","Land Locked Developing Countries","432","235","Uzbekistan","860","UZ","UZB"
"5802","Land Locked Developing Countries","432","238","Ethiopia","231","ET","ETH"
"5802","Land Locked Developing Countries","432","251","Zambia","894","ZM","ZMB"
"5802","Land Locked Developing Countries","432","277","South Sudan","728","SS","SSD"
"5802","Land Locked Developing Countries","432","29","Burundi","108","BI","BDI"
"5802","Land Locked Developing Countries","432","37","Central African Republic","140","CF","CAF"
"5802","Land Locked Developing Countries","432","39","Chad","148","TD","TCD"
"5802","Land Locked Developing Countries","432","52","Azerbaijan","031","AZ","AZE"
"5801","Least Developed Countries","199","115","Cambodia","116","KH","KHM"
"5801","Least Developed Countries","199","120","Lao People's Democratic Republic","418","LA","LAO"
"5801","Least Developed Countries","199","122","Lesotho","426","LS","LSO"
"5801","Least Developed Countries","199","123","Liberia","430","LR","LBR"
"5801","Least Developed Countries","199","129","Madagascar","450","MG","MDG"
"5801","Least Developed Countries","199","130","Malawi","454","MW","MWI"
"5801","Least Developed Countries","199","133","Mali","466","ML","MLI"
"5801","Least Developed Countries","199","136","Mauritania","478","MR","MRT"
"5801","Least Developed Countries","199","144","Mozambique","508","MZ","MOZ"
"5801","Least Developed Countries","199","149","Nepal","524","NP","NPL"
"5801","Least Developed Countries","199","158","Niger","562","NE","NER"
"5801","Least Developed Countries","199","16","Bangladesh","050","BD","BGD"
"5801","Least Developed Countries","199","175","Guinea-Bissau","624","GW","GNB"
"5801","Least Developed Countries","199","176","Timor-Leste","626","TL","TLS"
"5801","Least Developed Countries","199","178","Eritrea","232","ER","ERI"
"5801","Least Developed Countries","199","18","Bhutan","064","BT","BTN"
"5801","Least Developed Countries","199","184","Rwanda","646","RW","RWA"
"5801","Least Developed Countries","199","193","Sao Tome and Principe","678","ST","STP"
"5801","Least Developed Countries","199","195","Senegal","686","SN","SEN"
"5801","Least Developed Countries","199","197","Sierra Leone","694","SL","SLE"
"5801","Least Developed Countries","199","2","Afghanistan","004","AF","AFG"
"5801","Least Developed Countries","199","201","Somalia","706","SO","SOM"
"5801","Least Developed Countries","199","206","Sudan (former)","736","F206","F206"
"5801","Least Developed Countries","199","215","United Republic of Tanzania","834","TZ","TZA"
"5801","Least Developed Countries","199","217","Togo","768","TG","TGO"
"5801","Least Developed Countries","199","226","Uganda","800","UG","UGA"
"5801","Least Developed Countries","199","227","Tuvalu","798","TV","TUV"
"5801","Least Developed Countries","199","233","Burkina Faso","854","BF","BFA"
"5801","Least Developed Countries","199","238","Ethiopia","231","ET","ETH"
"5801","Least Developed Countries","199","249","Yemen","887","YE","YEM"
"5801","Least Developed Countries","199","25","Solomon Islands","090","SB","SLB"
"5801","Least Developed Countries","199","250","Democratic Republic of the Congo","180","CD","COD"
"5801","Least Developed Countries","199","251","Zambia","894","ZM","ZMB"
"5801","Least Developed Countries","199","276","Sudan","729","SD","SDN"
"5801","Least Developed Countries","199","277","South Sudan","728","SS","SSD"
"5801","Least Developed Countries","199","28","Myanmar","104","MM","MMR"
"5801","Least Developed Countries","199","29","Burundi","108","BI","BDI"
"5801","Least Developed Countries","199","37","Central African Republic","140","CF","CAF"
"5801","Least Developed Countries","199","39","Chad","148","TD","TCD"
"5801","Least Developed Countries","199","45","Comoros","174","KM","COM"
"5801","Least Developed Countries","199","53","Benin","204","BJ","BEN"
"5801","Least Developed Countries","199","62","Ethiopia PDR","230","F62","F62"
"5801","Least Developed Countries","199","7","Angola","024","AO","AGO"
"5801","Least Developed Countries","199","72","Djibouti","262","DJ","DJI"
"5801","Least Developed Countries","199","75","Gambia","270","GM","GMB"
"5801","Least Developed Countries","199","83","Kiribati","296","KI","KIR"
"5801","Least Developed Countries","199","90","Guinea","324","GN","GIN"
"5801","Least Developed Countries","199","93","Haiti","332","HT","HTI"
"5815","Low Income Food Deficit Countries","901","113","Kyrgyzstan","417","KG","KGZ"
"5815","Low Income Food Deficit Countries","901","114","Kenya","404","KE","KEN"
"5815","Low Income Food Deficit Countries","901","116","Democratic People's Republic of Korea","408","KP","PRK"
"5815","Low Income Food Deficit Countries","901","122","Lesotho","426","LS","LSO"
"5815","Low Income Food Deficit Countries","901","123","Liberia","430","LR","LBR"
"5815","Low Income Food Deficit Countries","901","129","Madagascar","450","MG","MDG"
"5815","Low Income Food Deficit Countries","901","130","Malawi","454","MW","MWI"
"5815","Low Income Food Deficit Countries","901","133","Mali","466","ML","MLI"
"5815","Low Income Food Deficit Countries","901","136","Mauritania","478","MR","MRT"
"5815","Low Income Food Deficit Countries","901","144","Mozambique","508","MZ","MOZ"
"5815","Low Income Food Deficit Countries","901","149","Nepal","524","NP","NPL"
"5815","Low Income Food Deficit Countries","901","157","Nicaragua","558","NI","NIC"
"5815","Low Income Food Deficit Countries","901","158","Niger","562","NE","NER"
"5815","Low Income Food Deficit Countries","901","175","Guinea-Bissau","624","GW","GNB"
"5815","Low Income Food Deficit Countries","901","178","Eritrea","232","ER","ERI"
"5815","Low Income Food Deficit Countries","901","181","Zimbabwe","716","ZW","ZWE"
"5815","Low Income Food Deficit Countries","901","184","Rwanda","646","RW","RWA"
"5815","Low Income Food Deficit Countries","901","193","Sao Tome and Principe","678","ST","STP"
"5815","Low Income Food Deficit Countries","901","195","Senegal","686","SN","SEN"
"5815","Low Income Food Deficit Countries","901","197","Sierra Leone","694","SL","SLE"
"5815","Low Income Food Deficit Countries","901","2","Afghanistan","004","AF","AFG"
"5815","Low Income Food Deficit Countries","901","201","Somalia","706","SO","SOM"
"5815","Low Income Food Deficit Countries","901","206","Sudan (former)","736","F206","F206"
"5815","Low Income Food Deficit Countries","901","208","Tajikistan","762","TJ","TJK"
"5815","Low Income Food Deficit Countries","901","212","Syrian Arab Republic","760","SY","SYR"
"5815","Low Income Food Deficit Countries","901","215","United Republic of Tanzania","834","TZ","TZA"
"5815","Low Income Food Deficit Countries","901","217","Togo","768","TG","TGO"
"5815","Low Income Food Deficit Countries","901","226","Uganda","800","UG","UGA"
"5815","Low Income Food Deficit Countries","901","233","Burkina Faso","854","BF","BFA"
"5815","Low Income Food Deficit Countries","901","235","Uzbekistan","860","UZ","UZB"
"5815","Low Income Food Deficit Countries","901","238","Ethiopia","231","ET","ETH"
"5815","Low Income Food Deficit Countries","901","249","Yemen","887","YE","YEM"
"5815","Low Income Food Deficit Countries","901","250","Democratic Republic of the Congo","180","CD","COD"
"5815","Low Income Food Deficit Countries","901","276","Sudan","729","SD","SDN"
"5815","Low Income Food Deficit Countries","901","277","South Sudan","728","SS","SSD"
"5815","Low Income Food Deficit Countries","901","29","Burundi","108","BI","BDI"
"5815","Low Income Food Deficit Countries","901","32","Cameroon","120","CM","CMR"
"5815","Low Income Food Deficit Countries","901","37","Central African Republic","140","CF","CAF"
"5815","Low Income Food Deficit Countries","901","39","Chad","148","TD","TCD"
"5815","Low Income Food Deficit Countries","901","45","Comoros","174","KM","COM"
"5815","Low Income Food Deficit Countries","901","46","Congo","178","CG","COG"
"5815","Low Income Food Deficit Countries","901","53","Benin","204","BJ","BEN"
"5815","Low Income Food Deficit Countries","901","62","Ethiopia PDR","230","F62","F62"
"5815","Low Income Food Deficit Countries","901","75","Gambia","270","GM","GMB"
"5815","Low Income Food Deficit Countries","901","90","Guinea","324","GN","GIN"
"5815","Low Income Food Deficit Countries","901","93","Haiti","332","HT","HTI"
"5502","Melanesia","054","153","New Caledonia","540","NC","NCL"
"5502","Melanesia","054","155","Vanuatu","548","VU","VUT"
"5502","Melanesia","054","168","Papua New Guinea","598","PG","PNG"
"5502","Melanesia","054","25","Solomon Islands","090","SB","SLB"
"5502","Melanesia","054","66","Fiji","242","FJ","FJI"
"5503","Micronesia","057","127","Marshall Islands","584","MH","MHL"
"5503","Micronesia","057","145","Micronesia (Federated States of)","583","FM","FSM"
"5503","Micronesia","057","148","Nauru","520","NR","NRU"
"5503","Micronesia","057","83","Kiribati","296","KI","KIR"
"5102","Middle Africa","017","193","Sao Tome and Principe","678","ST","STP"
"5102","Middle Africa","017","250","Democratic Republic of the Congo","180","CD","COD"
"5102","Middle Africa","017","32","Cameroon","120","CM","CMR"
"5102","Middle Africa","017","37","Central African Republic","140","CF","CAF"
"5102","Middle Africa","017","39","Chad","148","TD","TCD"
"5102","Middle Africa","017","46","Congo","178","CG","COG"
"5102","Middle Africa","017","61","Equatorial Guinea","226","GQ","GNQ"
"5102","Middle Africa","017","7","Angola","024","AO","AGO"
"5102","Middle Africa","017","74","Gabon","266","GA","GAB"
"5817","Net Food Importing Developing Countries","902","107","Côte d'Ivoire","384","CI","CIV"
"5817","Net Food Importing Developing Countries","902","109","Jamaica","388","JM","JAM"
"5817","Net Food Importing Developing Countries","902","112","Jordan","400","JO","JOR"
"5817","Net Food Importing Developing Countries","902","114","Kenya","404","KE","KEN"
"5817","Net Food Importing Developing Countries","902","115","Cambodia","116","KH","KHM"
"5817","Net Food Importing Developing Countries","902","120","Lao People's Democratic Republic","418","LA","LAO"
"5817","Net Food Importing Developing Countries","902","122","Lesotho","426","LS","LSO"
"5817","Net Food Importing Developing Countries","902","123","Liberia","430","LR","LBR"
"5817","Net Food Importing Developing Countries","902","129","Madagascar","450","MG","MDG"
"5817","Net Food Importing Developing Countries","902","130","Malawi","454","MW","MWI"
"5817","Net Food Importing Developing Countries","902","132","Maldives","462","MV","MDV"
"5817","Net Food Importing Developing Countries","902","133","Mali","466","ML","MLI"
"5817","Net Food Importing Developing Countries","902","136","Mauritania","478","MR","MRT"
"5817","Net Food Importing Developing Countries","902","137","Mauritius","480","MU","MUS"
"5817","Net Food Importing Developing Countries","902","14","Barbados","052","BB","BRB"
"5817","Net Food Importing Developing Countries","902","141","Mongolia","496","MN","MNG"
"5817","Net Food Importing Developing Countries","902","143","Morocco","504","MA","MAR"
"5817","Net Food Importing Developing Countries","902","144","Mozambique","508","MZ","MOZ"
"5817","Net Food Importing Developing Countries","902","147","Namibia","516","NA","NAM"
"5817","Net Food Importing Developing Countries","902","149","Nepal","524","NP","NPL"
"5817","Net Food Importing Developing Countries","902","158","Niger","562","NE","NER"
"5817","Net Food Importing Developing Countries","902","16","Bangladesh","050","BD","BGD"
"5817","Net Food Importing Developing Countries","902","165","Pakistan","586","PK","PAK"
"5817","Net Food Importing Developing Countries","902","170","Peru","604","PE","PER"
"5817","Net Food Importing Developing Countries","902","175","Guinea-Bissau","624","GW","GNB"
"5817","Net Food Importing Developing Countries","902","176","Timor-Leste","626","TL","TLS"
"5817","Net Food Importing Developing Countries","902","178","Eritrea","232","ER","ERI"
"5817","Net Food Importing Developing Countries","902","18","Bhutan","064","BT","BTN"
"5817","Net Food Importing Developing Countries","902","184","Rwanda","646","RW","RWA"
"5817","Net Food Importing Developing Countries","902","188","Saint Kitts and Nevis","659","KN","KNA"
"5817","Net Food Importing Developing Countries","902","189","Saint Lucia","662","LC","LCA"
"5817","Net Food Importing Developing Countries","902","191","Saint Vincent and the Grenadines","670","VC","VCT"
"5817","Net Food Importing Developing Countries","902","193","Sao Tome and Principe","678","ST","STP"
"5817","Net Food Importing Developing Countries","902","195","Senegal","686","SN","SEN"
"5817","Net Food Importing Developing Countries","902","197","Sierra Leone","694","SL","SLE"
"5817","Net Food Importing Developing Countries","902","2","Afghanistan","004","AF","AFG"
"5817","Net Food Importing Developing Countries","902","20","Botswana","072","BW","BWA"
"5817","Net Food Importing Developing Countries","902","201","Somalia","706","SO","SOM"
"5817","Net Food Importing Developing Countries","902","206","Sudan (former)","736","F206","F206"
"5817","Net Food Importing Developing Countries","902","209","Eswatini","748","SZ","SWZ"
"5817","Net Food Importing Developing Countries","902","215","United Republic of Tanzania","834","TZ","TZA"
"5817","Net Food Importing Developing Countries","902","217","Togo","768","TG","TGO"
"5817","Net Food Importing Developing Countries","902","219","Tonga","776","TO","TON"
"5817","Net Food Importing Developing Countries","902","220","Trinidad and Tobago","780","TT","TTO"
"5817","Net Food Importing Developing Countries","902","222","Tunisia","788","TN","TUN"
"5817","Net Food Importing Developing Countries","902","226","Uganda","800","UG","UGA"
"5817","Net Food Importing Developing Countries","902","227","Tuvalu","798","TV","TUV"
"5817","Net Food Importing Developing Countries","902","233","Burkina Faso","854","BF","BFA"
"5817","Net Food Importing Developing Countries","902","236","Venezuela (Bolivarian Republic of)","862","VE","VEN"
"5817","Net Food Importing Developing Countries","902","238","Ethiopia","231","ET","ETH"
"5817","Net Food Importing Developing Countries","902","244","Samoa","882","WS","WSM"
"5817","Net Food Importing Developing Countries","902","249","Yemen","887","YE","YEM"
"5817","Net Food Importing Developing Countries","902","25","Solomon Islands","090","SB","SLB"
"5817","Net Food Importing Developing Countries","902","250","Democratic Republic of the Congo","180","CD","COD"
"5817","Net Food Importing Developing Countries","902","251","Zambia","894","ZM","ZMB"
"5817","Net Food Importing Developing Countries","902","276","Sudan","729","SD","SDN"
"5817","Net Food Importing Developing Countries","902","277","South Sudan","728","SS","SSD"
"5817","Net Food Importing Developing Countries","902","28","Myanmar","104","MM","MMR"
"5817","Net Food Importing Developing Countries","902","29","Burundi","108","BI","BDI"
"5817","Net Food Importing Developing Countries","902","37","Central African Republic","140","CF","CAF"
"5817","Net Food Importing Developing Countries","902","38","Sri Lanka","144","LK","LKA"
"5817","Net Food Importing Developing Countries","902","39","Chad","148","TD","TCD"
"5817","Net Food Importing Developing Countries","902","45","Comoros","174","KM","COM"
"5817","Net Food Importing Developing Countries","902","49","Cuba","192","CU","CUB"
"5817","Net Food Importing Developing Countries","902","53","Benin","204","BJ","BEN"
"5817","Net Food Importing Developing Countries","902","55","Dominica","212","DM","DMA"
"5817","Net Food Importing Developing Countries","902","56","Dominican Republic","214","DO","DOM"
"5817","Net Food Importing Developing Countries","902","59","Egypt","818","EG","EGY"
"5817","Net Food Importing Developing Countries","902","60","El Salvador","222","SV","SLV"
"5817","Net Food Importing Developing Countries","902","62","Ethiopia PDR","230","F62","F62"
"5817","Net Food Importing Developing Countries","902","7","Angola","024","AO","AGO"
"5817","Net Food Importing Developing Countries","902","72","Djibouti","262","DJ","DJI"
"5817","Net Food Importing Developing Countries","902","74","Gabon","266","GA","GAB"
"5817","Net Food Importing Developing Countries","902","75","Gambia","270","GM","GMB"
"5817","Net Food Importing Developing Countries","902","8","Antigua and Barbuda","028","AG","ATG"
"5817","Net Food Importing Developing Countries","902","83","Kiribati","296","KI","KIR"
"5817","Net Food Importing Developing Countries","902","86","Grenada","308","GD","GRD"
"5817","Net Food Importing Developing Countries","902","90","Guinea","324","GN","GIN"
"5817","Net Food Importing Developing Countries","902","93","Haiti","332","HT","HTI"
"5817","Net Food Importing Developing Countries","902","95","Honduras","340","HN","HND"
"5103","Northern Africa","015","124","Libya","434","LY","LBY"
"5103","Northern Africa","015","143","Morocco","504","MA","MAR"
"5103","Northern Africa","015","206","Sudan (former)","736","F206","F206"
"5103","Northern Africa","015","222","Tunisia","788","TN","TUN"
"5103","Northern Africa","015","276","Sudan","729","SD","SDN"
"5103","Northern Africa","015","4","Algeria","012","DZ","DZA"
"5103","Northern Africa","015","59","Egypt","818","EG","EGY"
"5203","Northern America","021","231","United States of America","840","US","USA"
"5203","Northern America","021","33","Canada","124","CA","CAN"
"5402","Northern Europe","154","104","Ireland","372","IE","IRL"
"5402","Northern Europe","154","119","Latvia","428","LV","LVA"
"5402","Northern Europe","154","126","Lithuania","440","LT","LTU"
"5402","Northern Europe","154","162","Norway","578","NO","NOR"
"5402","Northern Europe","154","210","Sweden","752","SE","SWE"
"5402","Northern Europe","154","229","United Kingdom of Great Britain and Northern Ireland","826","GB","GBR"
"5402","Northern Europe","154","54","Denmark","208","DK","DNK"
"5402","Northern Europe","154","63","Estonia","233","EE","EST"
"5402","Northern Europe","154","64","Faroe Islands","234","FO","FRO"
"5402","Northern Europe","154","67","Finland","246","FI","FIN"
"5402","Northern Europe","154","99","Iceland","352","IS","ISL"
"5500","Oceania","009","10","Australia","036","AU","AUS"
"5500","Oceania","009","127","Marshall Islands","584","MH","MHL"
"5500","Oceania","009","145","Micronesia (Federated States of)","583","FM","FSM"
"5500","Oceania","009","148","Nauru","520","NR","NRU"
"5500","Oceania","009","153","New Caledonia","540","NC","NCL"
"5500","Oceania","009","155","Vanuatu","548","VU","VUT"
"5500","Oceania","009","156","New Zealand","554","NZ","NZL"
"5500","Oceania","009","160","Niue","570","NU","NIU"
"5500","Oceania","009","168","Papua New Guinea","598","PG","PNG"
"5500","Oceania","009","218","Tokelau","772","TK","TKL"
"5500","Oceania","009","219","Tonga","776","TO","TON"
"5500","Oceania","009","227","Tuvalu","798","TV","TUV"
"5500","Oceania","009","244","Samoa","882","WS","WSM"
"5500","Oceania","009","25","Solomon Islands","090","SB","SLB"
"5500","Oceania","009","47","Cook Islands","184","CK","COK"
"5500","Oceania","009","66","Fiji","242","FJ","FJI"
"5500","Oceania","009","70","French Polynesia","258","PF","PYF"
"5500","Oceania","009","83","Kiribati","296","KI","KIR"
"5504","Polynesia","061","160","Niue","570","NU","NIU"
"5504","Polynesia","061","218","Tokelau","772","TK","TKL"
"5504","Polynesia","061","219","Tonga","776","TO","TON"
"5504","Polynesia","061","227","Tuvalu","798","TV","TUV"
"5504","Polynesia","061","244","Samoa","882","WS","WSM"
"5504","Polynesia","061","47","Cook Islands","184","CK","COK"
"5504","Polynesia","061","70","French Polynesia","258","PF","PYF"
"5803","Small Island Developing States","722","109","Jamaica","388","JM","JAM"
"5803","Small Island Developing States","722","12","Bahamas","044","BS","BHS"
"5803","Small Island Developing States","722","127","Marshall Islands","584","MH","MHL"
"5803","Small Island Developing States","722","132","Maldives","462","MV","MDV"
"5803","Small Island Developing States","722","135","Martinique","474","MQ","MTQ"
"5803","Small Island Developing States","722","137","Mauritius","480","MU","MUS"
"5803","Small Island Developing States","722","14","Barbados","052","BB","BRB"
"5803","Small Island Developing States","722","145","Micronesia (Federated States of)","583","FM","FSM"
"5803","Small Island Developing States","722","148","Nauru","520","NR","NRU"
"5803","Small Island Developing States","722","153","New Caledonia","540","NC","NCL"
"5803","Small Island Developing States","722","155","Vanuatu","548","VU","VUT"
"5803","Small Island Developing States","722","160","Niue","570","NU","NIU"
"5803","Small Island Developing States","722","168","Papua New Guinea","598","PG","PNG"
"5803","Small Island Developing States","722","175","Guinea-Bissau","624","GW","GNB"
"5803","Small Island Developing States","722","176","Timor-Leste","626","TL","TLS"
"5803","Small Island Developing States","722","177","Puerto Rico","630","PR","PRI"
"5803","Small Island Developing States","722","188","Saint Kitts and Nevis","659","KN","KNA"
"5803","Small Island Developing States","722","189","Saint Lucia","662","LC","LCA"
"5803","Small Island Developing States","722","191","Saint Vincent and the Grenadines","670","VC","VCT"
"5803","Small Island Developing States","722","193","Sao Tome and Principe","678","ST","STP"
"5803","Small Island Developing States","722","196","Seychelles","690","SC","SYC"
"5803","Small Island Developing States","722","200","Singapore","702","SG","SGP"
"5803","Small Island Developing States","722","207","Suriname","740","SR","SUR"
"5803","Small Island Developing States","722","219","Tonga","776","TO","TON"
"5803","Small Island Developing States","722","220","Trinidad and Tobago","780","TT","TTO"
"5803","Small Island Developing States","722","227","Tuvalu","798","TV","TUV"
"5803","Small Island Developing States","722","23","Belize","084","BZ","BLZ"
"5803","Small Island Developing States","722","244","Samoa","882","WS","WSM"
"5803","Small Island Developing States","722","25","Solomon Islands","090","SB","SLB"
"5803","Small Island Developing States","722","35","Cabo Verde","132","CV","CPV"
"5803","Small Island Developing States","722","45","Comoros","174","KM","COM"
"5803","Small Island Developing States","722","47","Cook Islands","184","CK","COK"
"5803","Small Island Developing States","722","49","Cuba","192","CU","CUB"
"5803","Small Island Developing States","722","55","Dominica","212","DM","DMA"
"5803","Small Island Developing States","722","56","Dominican Republic","214","DO","DOM"
"5803","Small Island Developing States","722","66","Fiji","242","FJ","FJI"
"5803","Small Island Developing States","722","70","French Polynesia","258","PF","PYF"
"5803","Small Island Developing States","722","8","Antigua and Barbuda","028","AG","ATG"
"5803","Small Island Developing States","722","83","Kiribati","296","KI","KIR"
"5803","Small Island Developing States","722","86","Grenada","308","GD","GRD"
"5803","Small Island Developing States","722","87","Guadeloupe","312","GP","GLP"
"5803","Small Island Developing States","722","91","Guyana","328","GY","GUY"
"5803","Small Island Developing States","722","93","Haiti","332","HT","HTI"
"5207","South America","005","169","Paraguay","600","PY","PRY"
"5207","South America","005","170","Peru","604","PE","PER"
"5207","South America","005","19","Bolivia (Plurinational State of)","068","BO","BOL"
"5207","South America","005","207","Suriname","740","SR","SUR"
"5207","South America","005","21","Brazil","076","BR","BRA"
"5207","South America","005","234","Uruguay","858","UY","URY"
"5207","South America","005","236","Venezuela (Bolivarian Republic of)","862","VE","VEN"
"5207","South America","005","40","Chile","152","CL","CHL"
"5207","South America","005","44","Colombia","170","CO","COL"
"5207","South America","005","58","Ecuador","218","EC","ECU"
"5207","South America","005","69","French Guiana","254","GF","GUF"
"5207","South America","005","9","Argentina","032","AR","ARG"
"5207","South America","005","91","Guyana","328","GY","GUY"
"5304","South-eastern Asia","035","101","Indonesia","360","ID","IDN"
"5304","South-eastern Asia","035","115","Cambodia","116","KH","KHM"
"5304","South-eastern Asia","035","120","Lao People's Democratic Republic","418","LA","LAO"
"5304","South-eastern Asia","035","131","Malaysia","458","MY","MYS"
"5304","South-eastern Asia","035","171","Philippines","608","PH","PHL"
"5304","South-eastern Asia","035","176","Timor-Leste","626","TL","TLS"
"5304","South-eastern Asia","035","200","Singapore","702","SG","SGP"
"5304","South-eastern Asia","035","216","Thailand","764","TH","THA"
"5304","South-eastern Asia","035","237","Viet Nam","704","VN","VNM"
"5304","South-eastern Asia","035","26","Brunei Darussalam","096","BN","BRN"
"5304","South-eastern Asia","035","28","Myanmar","104","MM","MMR"
"5104","Southern Africa","018","122","Lesotho","426","LS","LSO"
"5104","Southern Africa","018","147","Namibia","516","NA","NAM"
"5104","Southern Africa","018","20","Botswana","072","BW","BWA"
"5104","Southern Africa","018","202","South Africa","710","ZA","ZAF"
"5104","Southern Africa","018","209","Eswatini","748","SZ","SWZ"
"5303","Southern Asia","034","100","India","356","IN","IND"
"5303","Southern Asia","034","102","Iran (Islamic Republic of)","364","IR","IRN"
"5303","Southern Asia","034","132","Maldives","462","MV","MDV"
"5303","Southern Asia","034","149","Nepal","524","NP","NPL"
"5303","Southern Asia","034","16","Bangladesh","050","BD","BGD"
"5303","Southern Asia","034","165","Pakistan","586","PK","PAK"
"5303","Southern Asia","034","18","Bhutan","064","BT","BTN"
"5303","Southern Asia","034","2","Afghanistan","004","AF","AFG"
"5303","Southern Asia","034","38","Sri Lanka","144","LK","LKA"
"5403","Southern Europe","039","106","Italy","380","IT","ITA"
"5403","Southern Europe","039","134","Malta","470","MT","MLT"
"5403","Southern Europe","039","154","North Macedonia","807","MK","MKD"
"5403","Southern Europe","039","174","Portugal","620","PT","PRT"
"5403","Southern Europe","039","186","Serbia and Montenegro","891","CS","SCG"
"5403","Southern Europe","039","198","Slovenia","705","SI","SVN"
"5403","Southern Europe","039","203","Spain","724","ES","ESP"
"5403","Southern Europe","039","248","Yugoslav SFR","890","F248","F248"
"5403","Southern Europe","039","272","Serbia","688","RS","SRB"
"5403","Southern Europe","039","273","Montenegro","499","ME","MNE"
"5403","Southern Europe","039","3","Albania","008","AL","ALB"
"5403","Southern Europe","039","80","Bosnia and Herzegovina","070","BA","BIH"
"5403","Southern Europe","039","84","Greece","300","GR","GRC"
"5403","Southern Europe","039","98","Croatia","191","HR","HRV"
"5105","Western Africa","011","107","Côte d'Ivoire","384","CI","CIV"
"5105","Western Africa","011","123","Liberia","430","LR","LBR"
"5105","Western Africa","011","133","Mali","466","ML","MLI"
"5105","Western Africa","011","136","Mauritania","478","MR","MRT"
"5105","Western Africa","011","158","Niger","562","NE","NER"
"5105","Western Africa","011","159","Nigeria","566","NG","NGA"
"5105","Western Africa","011","175","Guinea-Bissau","624","GW","GNB"
"5105","Western Africa","011","195","Senegal","686","SN","SEN"
"5105","Western Africa","011","197","Sierra Leone","694","SL","SLE"
"5105","Western Africa","011","217","Togo","768","TG","TGO"
"5105","Western Africa","011","233","Burkina Faso","854","BF","BFA"
"5105","Western Africa","011","35","Cabo Verde","132","CV","CPV"
"5105","Western Africa","011","53","Benin","204","BJ","BEN"
"5105","Western Africa","011","75","Gambia","270","GM","GMB"
"5105","Western Africa","011","81","Ghana","288","GH","GHA"
"5105","Western Africa","011","90","Guinea","324","GN","GIN"
"5305","Western Asia","145","1","Armenia","051","AM","ARM"
"5305","Western Asia","145","103","Iraq","368","IQ","IRQ"
"5305","Western Asia","145","105","Israel","376","IL","ISR"
"5305","Western Asia","145","112","Jordan","400","JO","JOR"
"5305","Western Asia","145","118","Kuwait","414","KW","KWT"
"5305","Western Asia","145","121","Lebanon","422","LB","LBN"
"5305","Western Asia","145","13","Bahrain","048","BH","BHR"
"5305","Western Asia","145","179","Qatar","634","QA","QAT"
"5305","Western Asia","145","194","Saudi Arabia","682","SA","SAU"
"5305","Western Asia","145","212","Syrian Arab Republic","760","SY","SYR"
"5305","Western Asia","145","221","Oman","512","OM","OMN"
"5305","Western Asia","145","223","Türkiye","792","TR","TUR"
"5305","Western Asia","145","225","United Arab Emirates","784","AE","ARE"
"5305","Western Asia","145","249","Yemen","887","YE","YEM"
"5305","Western Asia","145","299","Palestine","275","F299","PSE"
"5305","Western Asia","145","50","Cyprus","196","CY","CYP"
"5305","Western Asia","145","52","Azerbaijan","031","AZ","AZE"
"5305","Western Asia","145","73","Georgia","268","GE","GEO"
"5404","Western Europe","155","11","Austria","040","AT","AUT"
"5404","Western Europe","155","15","Belgium-Luxembourg","058","F15","F15"
"5404","Western Europe","155","150","Netherlands (Kingdom of the)","528","NL","NLD"
"5404","Western Europe","155","211","Switzerland","756","CH","CHE"
"5404","Western Europe","155","255","Belgium","056","BE","BEL"
"5404","Western Europe","155","256","Luxembourg","442","LU","LUX"
"5404","Western Europe","155","68","France","250","FR","FRA"
"5404","Western Europe","155","79","Germany","276","DE","DEU"
"5000","World","001","1","Armenia","051","AM","ARM"
"5000","World","001","10","Australia","036","AU","AUS"
"5000","World","001","100","India","356","IN","IND"
"5000","World","001","101","Indonesia","360","ID","IDN"
"5000","World","001","102","Iran (Islamic Republic of)","364","IR","IRN"
"5000","World","001","103","Iraq","368","IQ","IRQ"
"5000","World","001","104","Ireland","372","IE","IRL"
"5000","World","001","105","Israel","376","IL","ISR"
"5000","World","001","106","Italy","380","IT","ITA"
"5000","World","001","107","Côte d'Ivoire","384","CI","CIV"
"5000","World","001","108","Kazakhstan","398","KZ","KAZ"
"5000","World","001","109","Jamaica","388","JM","JAM"
"5000","World","001","11","Austria","040","AT","AUT"
"5000","World","001","110","Japan","392","JP","JPN"
"5000","World","001","112","Jordan","400","JO","JOR"
"5000","World","001","113","Kyrgyzstan","417","KG","KGZ"
"5000","World","001","114","Kenya","404","KE","KEN"
"5000","World","001","115","Cambodia","116","KH","KHM"
"5000","World","001","116","Democratic People's Republic of Korea","408","KP","PRK"
"5000","World","001","117","Republic of Korea","410","KR","KOR"
"5000","World","001","118","Kuwait","414","KW","KWT"
"5000","World","001","119","Latvia","428","LV","LVA"
"5000","World","001","12","Bahamas","044","BS","BHS"
"5000","World","001","120","Lao People's Democratic Republic","418","LA","LAO"
"5000","World","001","121","Lebanon","422","LB","LBN"
"5000","World","001","122","Lesotho","426","LS","LSO"
"5000","World","001","123","Liberia","430","LR","LBR"
"5000","World","001","124","Libya","434","LY","LBY"
"5000","World","001","126","Lithuania","440","LT","LTU"
"5000","World","001","127","Marshall Islands","584","MH","MHL"
"5000","World","001","128","China, Macao SAR","446","MO","MAC"
"5000","World","001","129","Madagascar","450","MG","MDG"
"5000","World","001","13","Bahrain","048","BH","BHR"
"5000","World","001","130","Malawi","454","MW","MWI"
"5000","World","001","131","Malaysia","458","MY","MYS"
"5000","World","001","132","Maldives","462","MV","MDV"
"5000","World","001","133","Mali","466","ML","MLI"
"5000","World","001","134","Malta","470","MT","MLT"
"5000","World","001","135","Martinique","474","MQ","MTQ"
"5000","World","001","136","Mauritania","478","MR","MRT"
"5000","World","001","137","Mauritius","480","MU","MUS"
"5000","World","001","138","Mexico","484","MX","MEX"
"5000","World","001","14","Barbados","052","BB","BRB"
"5000","World","001","141","Mongolia","496","MN","MNG"
"5000","World","001","143","Morocco","504","MA","MAR"
"5000","World","001","144","Mozambique","508","MZ","MOZ"
"5000","World","001","145","Micronesia (Federated States of)","583","FM","FSM"
"5000","World","001","146","Republic of Moldova","498","MD","MDA"
"5000","World","001","147","Namibia","516","NA","NAM"
"5000","World","001","148","Nauru","520","NR","NRU"
"5000","World","001","149","Nepal","524","NP","NPL"
"5000","World","001","15","Belgium-Luxembourg","058","F15","F15"
"5000","World","001","150","Netherlands (Kingdom of the)","528","NL","NLD"
"5000","World","001","153","New Caledonia","540","NC","NCL"
"5000","World","001","154","North Macedonia","807","MK","MKD"
"5000","World","001","155","Vanuatu","548","VU","VUT"
"5000","World","001","156","New Zealand","554","NZ","NZL"
"5000","World","001","157","Nicaragua","558","NI","NIC"
"5000","World","001","158","Niger","562","NE","NER"
"5000","World","001","159","Nigeria","566","NG","NGA"
"5000","World","001","16","Bangladesh","050","BD","BGD"
"5000","World","001","160","Niue","570","NU","NIU"
"5000","World","001","162","Norway","578","NO","NOR"
"5000","World","001","165","Pakistan","586","PK","PAK"
"5000","World","001","166","Panama","591","PA","PAN"
"5000","World","001","167","Czechia","203","CZ","CZE"
"5000","World","001","168","Papua New Guinea","598","PG","PNG"
"5000","World","001","169","Paraguay","600","PY","PRY"
"5000","World","001","170","Peru","604","PE","PER"
"5000","World","001","171","Philippines","608","PH","PHL"
"5000","World","001","173","Poland","616","PL","POL"
"5000","World","001","174","Portugal","620","PT","PRT"
"5000","World","001","175","Guinea-Bissau","624","GW","GNB"
"5000","World","001","176","Timor-Leste","626","TL","TLS"
"5000","World","001","177","Puerto Rico","630","PR","PRI"
"5000","World","001","178","Eritrea","232","ER","ERI"
"5000","World","001","179","Qatar","634","QA","QAT"
"5000","World","001","18","Bhutan","064","BT","BTN"
"5000","World","001","181","Zimbabwe","716","ZW","ZWE"
"5000","World","001","182","Réunion","638","RE","REU"
"5000","World","001","183","Romania","642","RO","ROU"
"5000","World","001","184","Rwanda","646","RW","RWA"
"5000","World","001","185","Russian Federation","643","RU","RUS"
"5000","World","001","186","Serbia and Montenegro","891","CS","SCG"
"5000","World","001","188","Saint Kitts and Nevis","659","KN","KNA"
"5000","World","001","189","Saint Lucia","662","LC","LCA"
"5000","World","001","19","Bolivia (Plurinational State of)","068","BO","BOL"
"5000","World","001","191","Saint Vincent and the Grenadines","670","VC","VCT"
"5000","World","001","193","Sao Tome and Principe","678","ST","STP"
"5000","World","001","194","Saudi Arabia","682","SA","SAU"
"5000","World","001","195","Senegal","686","SN","SEN"
"5000","World","001","196","Seychelles","690","SC","SYC"
"5000","World","001","197","Sierra Leone","694","SL","SLE"
"5000","World","001","198","Slovenia","705","SI","SVN"
"5000","World","001","199","Slovakia","703","SK","SVK"
"5000","World","001","2","Afghanistan","004","AF","AFG"
"5000","World","001","20","Botswana","072","BW","BWA"
"5000","World","001","200","Singapore","702","SG","SGP"
"5000","World","001","201","Somalia","706","SO","SOM"
"5000","World","001","202","South Africa","710","ZA","ZAF"
"5000","World","001","203","Spain","724","ES","ESP"
"5000","World","001","206","Sudan (former)","736","F206","F206"
"5000","World","001","207","Suriname","740","SR","SUR"
"5000","World","001","208","Tajikistan","762","TJ","TJK"
"5000","World","001","209","Eswatini","748","SZ","SWZ"
"5000","World","001","21","Brazil","076","BR","BRA"
"5000","World","001","210","Sweden","752","SE","SWE"
"5000","World","001","211","Switzerland","756","CH","CHE"
"5000","World","001","212","Syrian Arab Republic","760","SY","SYR"
"5000","World","001","213","Turkmenistan","795","TM","TKM"
"5000","World","001","214","China, Taiwan Province of","158","TW","TWN"
"5000","World","001","215","United Republic of Tanzania","834","TZ","TZA"
"5000","World","001","216","Thailand","764","TH","THA"
"5000","World","001","217","Togo","768","TG","TGO"
"5000","World","001","218","Tokelau","772","TK","TKL"
"5000","World","001","219","Tonga","776","TO","TON"
"5000","World","001","220","Trinidad and Tobago","780","TT","TTO"
"5000","World","001","221","Oman","512","OM","OMN"
"5000","World","001","222","Tunisia","788","TN","TUN"
"5000","World","001","223","Türkiye","792","TR","TUR"
"5000","World","001","225","United Arab Emirates","784","AE","ARE"
"5000","World","001","226","Uganda","800","UG","UGA"
"5000","World","001","227","Tuvalu","798","TV","TUV"
"5000","World","001","228","USSR","810","F228","F228"
"5000","World","001","229","United Kingdom of Great Britain and Northern Ireland","826","GB","GBR"
"5000","World","001","23","Belize","084","BZ","BLZ"
"5000","World","001","230","Ukraine","804","UA","UKR"
"5000","World","001","231","United States of America","840","US","USA"
"5000","World","001","233","Burkina Faso","854","BF","BFA"
"5000","World","001","234","Uruguay","858","UY","URY"
"5000","World","001","235","Uzbekistan","860","UZ","UZB"
"5000","World","001","236","Venezuela (Bolivarian Republic of)","862","VE","VEN"
"5000","World","001","237","Viet Nam","704","VN","VNM"
"5000","World","001","238","Ethiopia","231","ET","ETH"
"5000","World","001","244","Samoa","882","WS","WSM"
"5000","World","001","248","Yugoslav SFR","890","F248","F248"
"5000","World","001","249","Yemen","887","YE","YEM"
"5000","World","001","25","Solomon Islands","090","SB","SLB"
"5000","World","001","250","Democratic Republic of the Congo","180","CD","COD"
"5000","World","001","251","Zambia","894","ZM","ZMB"
"5000","World","001","255","Belgium","056","BE","BEL"
"5000","World","001","256","Luxembourg","442","LU","LUX"
"5000","World","001","26","Brunei Darussalam","096","BN","BRN"
"5000","World","001","27","Bulgaria","100","BG","BGR"
"5000","World","001","272","Serbia","688","RS","SRB"
"5000","World","001","273","Montenegro","499","ME","MNE"
"5000","World","001","276","Sudan","729","SD","SDN"
"5000","World","001","277","South Sudan","728","SS","SSD"
"5000","World","001","28","Myanmar","104","MM","MMR"
"5000","World","001","29","Burundi","108","BI","BDI"
"5000","World","001","299","Palestine","275","F299","PSE"
"5000","World","001","3","Albania","008","AL","ALB"
"5000","World","001","32","Cameroon","120","CM","CMR"
"5000","World","001","33","Canada","124","CA","CAN"
"5000","World","001","35","Cabo Verde","132","CV","CPV"
"5000","World","001","351","China","159","F351","F351"
"5000","World","001","37","Central African Republic","140","CF","CAF"
"5000","World","001","38","Sri Lanka","144","LK","LKA"
"5000","World","001","39","Chad","148","TD","TCD"
"5000","World","001","4","Algeria","012","DZ","DZA"
"5000","World","001","40","Chile","152","CL","CHL"
"5000","World","001","41","China, mainland","156","CN","CHN"
"5000","World","001","44","Colombia","170","CO","COL"
"5000","World","001","45","Comoros","174","KM","COM"
"5000","World","001","46","Congo","178","CG","COG"
"5000","World","001","47","Cook Islands","184","CK","COK"
"5000","World","001","48","Costa Rica","188","CR","CRI"
"5000","World","001","49","Cuba","192","CU","CUB"
"5000","World","001","50","Cyprus","196","CY","CYP"
"5000","World","001","51","Czechoslovakia","200","F51","F51"
"5000","World","001","52","Azerbaijan","031","AZ","AZE"
"5000","World","001","53","Benin","204","BJ","BEN"
"5000","World","001","54","Denmark","208","DK","DNK"
"5000","World","001","55","Dominica","212","DM","DMA"
"5000","World","001","56","Dominican Republic","214","DO","DOM"
"5000","World","001","57","Belarus","112","BY","BLR"
"5000","World","001","58","Ecuador","218","EC","ECU"
"5000","World","001","59","Egypt","818","EG","EGY"
"5000","World","001","60","El Salvador","222","SV","SLV"
"5000","World","001","61","Equatorial Guinea","226","GQ","GNQ"
"5000","World","001","62","Ethiopia PDR","230","F62","F62"
"5000","World","001","63","Estonia","233","EE","EST"
"5000","World","001","64","Faroe Islands","234","FO","FRO"
"5000","World","001","66","Fiji","242","FJ","FJI"
"5000","World","001","67","Finland","246","FI","FIN"
"5000","World","001","68","France","250","FR","FRA"
"5000","World","001","69","French Guiana","254","GF","GUF"
"5000","World","001","7","Angola","024","AO","AGO"
"5000","World","001","70","French Polynesia","258","PF","PYF"
"5000","World","001","72","Djibouti","262","DJ","DJI"
"5000","World","001","73","Georgia","268","GE","GEO"
"5000","World","001","74","Gabon","266","GA","GAB"
"5000","World","001","75","Gambia","270","GM","GMB"
"5000","World","001","79","Germany","276","DE","DEU"
"5000","World","001","8","Antigua and Barbuda","028","AG","ATG"
"5000","World","001","80","Bosnia and Herzegovina","070","BA","BIH"
"5000","World","001","81","Ghana","288","GH","GHA"
"5000","World","001","83","Kiribati","296","KI","KIR"
"5000","World","001","84","Greece","300","GR","GRC"
"5000","World","001","86","Grenada","308","GD","GRD"
"5000","World","001","87","Guadeloupe","312","GP","GLP"
"5000","World","001","89","Guatemala","320","GT","GTM"
"5000","World","001","9","Argentina","032","AR","ARG"
"5000","World","001","90","Guinea","324","GN","GIN"
"5000","World","001","91","Guyana","328","GY","GUY"
"5000","World","001","93","Haiti","332","HT","HTI"
"5000","World","001","95","Honduras","340","HN","HND"
"5000","World","001","96","China, Hong Kong SAR","344","HK","HKG"
"5000","World","001","97","Hungary","348","HU","HUN"
"5000","World","001","98","Croatia","191","HR","HRV"
"5000","World","001","99","Iceland","352","IS","ISL"
