Domain,Area,Element,Item,Year,Unit,Value
"Crops and livestock products","Austria","Yield","Barley","2006","100 g/ha","44276"
"Crops and livestock products","Austria","Yield","Barley","2007","100 g/ha","41948"
"Crops and livestock products","Austria","Yield","Barley","2008","100 g/ha","52079"
"Crops and livestock products","Austria","Yield","Barley","2009","100 g/ha","46005"
"Crops and livestock products","Austria","Yield","Barley","2010","100 g/ha","46063"
"Crops and livestock products","Austria","Yield","Barley","2011","100 g/ha","56064"
"Crops and livestock products","Austria","Yield","Barley","2012","100 g/ha","43995"
"Crops and livestock products","Austria","Yield","Barley","2013","100 g/ha","51486"
"Crops and livestock products","Austria","Yield","Barley","2014","100 g/ha","57994"
"Crops and livestock products","Austria","Yield","Barley","2015","100 g/ha","55376"
"Crops and livestock products","Austria","Yield","Barley","2016","100 g/ha","61221"
"Crops and livestock products","Austria","Yield","Barley","2017","100 g/ha","56300"
"Crops and livestock products","Austria","Yield","Barley","2018","100 g/ha","49618"
"Crops and livestock products","Austria","Yield","Barley","2019","100 g/ha","60342"
"Crops and livestock products","Austria","Yield","Barley","2020","100 g/ha","64159"
"Crops and livestock products","Austria","Yield","Maize (corn)","2006","100 g/ha","96370"
"Crops and livestock products","Austria","Yield","Maize (corn)","2007","100 g/ha","103128"
"Crops and livestock products","Austria","Yield","Maize (corn)","2008","100 g/ha","113173"
"Crops and livestock products","Austria","Yield","Maize (corn)","2009","100 g/ha","108293"
"Crops and livestock products","Austria","Yield","Maize (corn)","2010","100 g/ha","97247"
"Crops and livestock products","Austria","Yield","Maize (corn)","2011","100 g/ha","112996"
"Crops and livestock products","Austria","Yield","Maize (corn)","2012","100 g/ha","107025"
"Crops and livestock products","Austria","Yield","Maize (corn)","2013","100 g/ha","81173"
"Crops and livestock products","Austria","Yield","Maize (corn)","2014","100 g/ha","107915"
"Crops and livestock products","Austria","Yield","Maize (corn)","2015","100 g/ha","86787"
"Crops and livestock products","Austria","Yield","Maize (corn)","2016","100 g/ha","111629"
"Crops and livestock products","Austria","Yield","Maize (corn)","2017","100 g/ha","99104"
"Crops and livestock products","Austria","Yield","Maize (corn)","2018","100 g/ha","101493"
"Crops and livestock products","Austria","Yield","Maize (corn)","2019","100 g/ha","104168"
"Crops and livestock products","Austria","Yield","Maize (corn)","2020","100 g/ha","113449"
"Crops and livestock products","Austria","Yield","Wheat","2006","100 g/ha","49066"
"Crops and livestock products","Austria","Yield","Wheat","2007","100 g/ha","47763"
"Crops and livestock products","Austria","Yield","Wheat","2008","100 g/ha","56935"
"Crops and livestock products","Austria","Yield","Wheat","2009","100 g/ha","49295"
"Crops and livestock products","Austria","Yield","Wheat","2010","100 g/ha","50117"
"Crops and livestock products","Austria","Yield","Wheat","2011","100 g/ha","58549"
"Crops and livestock products","Austria","Yield","Wheat","2012","100 g/ha","41388"
"Crops and livestock products","Austria","Yield","Wheat","2013","100 g/ha","53743"
"Crops and livestock products","Austria","Yield","Wheat","2014","100 g/ha","59217"
"Crops and livestock products","Austria","Yield","Wheat","2015","100 g/ha","56962"
"Crops and livestock products","Austria","Yield","Wheat","2016","100 g/ha","62534"
"Crops and livestock products","Austria","Yield","Wheat","2017","100 g/ha","48712"
"Crops and livestock products","Austria","Yield","Wheat","2018","100 g/ha","46453"
"Crops and livestock products","Austria","Yield","Wheat","2019","100 g/ha","57372"
"Crops and livestock products","Austria","Yield","Wheat","2020","100 g/ha","59234"
"Crops and livestock products","Belgium","Yield","Barley","2006","100 g/ha","74957"
"Crops and livestock products","Belgium","Yield","Barley","2007","100 g/ha","77051"
"Crops and livestock products","Belgium","Yield","Barley","2008","100 g/ha","60001"
"Crops and livestock products","Belgium","Yield","Barley","2009","100 g/ha","83906"
"Crops and livestock products","Belgium","Yield","Barley","2010","100 g/ha","91457"
"Crops and livestock products","Belgium","Yield","Barley","2011","100 g/ha","76952"
"Crops and livestock products","Belgium","Yield","Barley","2012","100 g/ha","78235"
"Crops and livestock products","Belgium","Yield","Barley","2013","100 g/ha","83252"
"Crops and livestock products","Belgium","Yield","Barley","2014","100 g/ha","84739"
"Crops and livestock products","Belgium","Yield","Barley","2015","100 g/ha","89821"
"Crops and livestock products","Belgium","Yield","Barley","2016","100 g/ha","62371"
"Crops and livestock products","Belgium","Yield","Barley","2017","100 g/ha","84164"
"Crops and livestock products","Belgium","Yield","Barley","2018","100 g/ha","76879"
"Crops and livestock products","Belgium","Yield","Barley","2019","100 g/ha","85770"
"Crops and livestock products","Belgium","Yield","Barley","2020","100 g/ha","74914"
"Crops and livestock products","Belgium","Yield","Maize (corn)","2006","100 g/ha","101929"
"Crops and livestock products","Belgium","Yield","Maize (corn)","2007","100 g/ha","131278"
"Crops and livestock products","Belgium","Yield","Maize (corn)","2008","100 g/ha","119258"
"Crops and livestock products","Belgium","Yield","Maize (corn)","2009","100 g/ha","121174"
"Crops and livestock products","Belgium","Yield","Maize (corn)","2010","100 g/ha","119283"
"Crops and livestock products","Belgium","Yield","Maize (corn)","2011","100 g/ha","119360"
"Crops and livestock products","Belgium","Yield","Maize (corn)","2012","100 g/ha","102438"
"Crops and livestock products","Belgium","Yield","Maize (corn)","2013","100 g/ha","111500"
"Crops and livestock products","Belgium","Yield","Maize (corn)","2014","100 g/ha","105024"
"Crops and livestock products","Belgium","Yield","Maize (corn)","2015","100 g/ha","102283"
"Crops and livestock products","Belgium","Yield","Maize (corn)","2016","100 g/ha","92268"
"Crops and livestock products","Belgium","Yield","Maize (corn)","2017","100 g/ha","124206"
"Crops and livestock products","Belgium","Yield","Maize (corn)","2018","100 g/ha","69744"
"Crops and livestock products","Belgium","Yield","Maize (corn)","2019","100 g/ha","88244"
"Crops and livestock products","Belgium","Yield","Maize (corn)","2020","100 g/ha","81151"
"Crops and livestock products","Belgium","Yield","Wheat","2006","100 g/ha","82549"
"Crops and livestock products","Belgium","Yield","Wheat","2007","100 g/ha","78908"
"Crops and livestock products","Belgium","Yield","Wheat","2008","100 g/ha","87585"
"Crops and livestock products","Belgium","Yield","Wheat","2009","100 g/ha","94652"
"Crops and livestock products","Belgium","Yield","Wheat","2010","100 g/ha","88272"
"Crops and livestock products","Belgium","Yield","Wheat","2011","100 g/ha","84046"
"Crops and livestock products","Belgium","Yield","Wheat","2012","100 g/ha","84522"
"Crops and livestock products","Belgium","Yield","Wheat","2013","100 g/ha","89349"
"Crops and livestock products","Belgium","Yield","Wheat","2014","100 g/ha","94129"
"Crops and livestock products","Belgium","Yield","Wheat","2015","100 g/ha","100152"
"Crops and livestock products","Belgium","Yield","Wheat","2016","100 g/ha","67871"
"Crops and livestock products","Belgium","Yield","Wheat","2017","100 g/ha","86174"
"Crops and livestock products","Belgium","Yield","Wheat","2018","100 g/ha","84923"
"Crops and livestock products","Belgium","Yield","Wheat","2019","100 g/ha","93364"
"Crops and livestock products","Belgium","Yield","Wheat","2020","100 g/ha","89463"
"Crops and livestock products","Bulgaria","Yield","Barley","2006","100 g/ha","29417"
"Crops and livestock products","Bulgaria","Yield","Barley","2007","100 g/ha","22465"
"Crops and livestock products","Bulgaria","Yield","Barley","2008","100 g/ha","39433"
"Crops and livestock products","Bulgaria","Yield","Barley","2009","100 g/ha","33218"
"Crops and livestock products","Bulgaria","Yield","Barley","2010","100 g/ha","33966"
"Crops and livestock products","Bulgaria","Yield","Barley","2011","100 g/ha","39500"
"Crops and livestock products","Bulgaria","Yield","Barley","2012","100 g/ha","34578"
"Crops and livestock products","Bulgaria","Yield","Barley","2013","100 g/ha","36910"
"Crops and livestock products","Bulgaria","Yield","Barley","2014","100 g/ha","39695"
"Crops and livestock products","Bulgaria","Yield","Barley","2015","100 g/ha","39661"
"Crops and livestock products","Bulgaria","Yield","Barley","2016","100 g/ha","43161"
"Crops and livestock products","Bulgaria","Yield","Barley","2017","100 g/ha","46371"
"Crops and livestock products","Bulgaria","Yield","Barley","2018","100 g/ha","43323"
"Crops and livestock products","Bulgaria","Yield","Barley","2019","100 g/ha","50268"
"Crops and livestock products","Bulgaria","Yield","Barley","2020","100 g/ha","43310"
"Crops and livestock products","Bulgaria","Yield","Maize (corn)","2006","100 g/ha","45328"
"Crops and livestock products","Bulgaria","Yield","Maize (corn)","2007","100 g/ha","45719"
"Crops and livestock products","Bulgaria","Yield","Maize (corn)","2008","100 g/ha","41548"
"Crops and livestock products","Bulgaria","Yield","Maize (corn)","2009","100 g/ha","47071"
"Crops and livestock products","Bulgaria","Yield","Maize (corn)","2010","100 g/ha","62512"
"Crops and livestock products","Bulgaria","Yield","Maize (corn)","2011","100 g/ha","55310"
"Crops and livestock products","Bulgaria","Yield","Maize (corn)","2012","100 g/ha","36800"
"Crops and livestock products","Bulgaria","Yield","Maize (corn)","2013","100 g/ha","63943"
"Crops and livestock products","Bulgaria","Yield","Maize (corn)","2014","100 g/ha","76823"
"Crops and livestock products","Bulgaria","Yield","Maize (corn)","2015","100 g/ha","54085"
"Crops and livestock products","Bulgaria","Yield","Maize (corn)","2016","100 g/ha","54703"
"Crops and livestock products","Bulgaria","Yield","Maize (corn)","2017","100 g/ha","64362"
"Crops and livestock products","Bulgaria","Yield","Maize (corn)","2018","100 g/ha","79225"
"Crops and livestock products","Bulgaria","Yield","Maize (corn)","2019","100 g/ha","72379"
"Crops and livestock products","Bulgaria","Yield","Maize (corn)","2020","100 g/ha","51830"
"Crops and livestock products","Bulgaria","Yield","Wheat","2006","100 g/ha","34026"
"Crops and livestock products","Bulgaria","Yield","Wheat","2007","100 g/ha","21973"
"Crops and livestock products","Bulgaria","Yield","Wheat","2008","100 g/ha","41674"
"Crops and livestock products","Bulgaria","Yield","Wheat","2009","100 g/ha","31873"
"Crops and livestock products","Bulgaria","Yield","Wheat","2010","100 g/ha","36185"
"Crops and livestock products","Bulgaria","Yield","Wheat","2011","100 g/ha","39197"
"Crops and livestock products","Bulgaria","Yield","Wheat","2012","100 g/ha","37596"
"Crops and livestock products","Bulgaria","Yield","Wheat","2013","100 g/ha","41885"
"Crops and livestock products","Bulgaria","Yield","Wheat","2014","100 g/ha","42172"
"Crops and livestock products","Bulgaria","Yield","Wheat","2015","100 g/ha","45316"
"Crops and livestock products","Bulgaria","Yield","Wheat","2016","100 g/ha","47483"
"Crops and livestock products","Bulgaria","Yield","Wheat","2017","100 g/ha","53583"
"Crops and livestock products","Bulgaria","Yield","Wheat","2018","100 g/ha","49129"
"Crops and livestock products","Bulgaria","Yield","Wheat","2019","100 g/ha","52722"
"Crops and livestock products","Bulgaria","Yield","Wheat","2020","100 g/ha","40393"
"Crops and livestock products","Croatia","Yield","Barley","2006","100 g/ha","36387"
"Crops and livestock products","Croatia","Yield","Barley","2007","100 g/ha","38181"
"Crops and livestock products","Croatia","Yield","Barley","2008","100 g/ha","42588"
"Crops and livestock products","Croatia","Yield","Barley","2009","100 g/ha","40885"
"Crops and livestock products","Croatia","Yield","Barley","2010","100 g/ha","32815"
"Crops and livestock products","Croatia","Yield","Barley","2011","100 g/ha","40143"
"Crops and livestock products","Croatia","Yield","Barley","2012","100 g/ha","41434"
"Crops and livestock products","Croatia","Yield","Barley","2013","100 g/ha","37426"
"Crops and livestock products","Croatia","Yield","Barley","2014","100 g/ha","38040"
"Crops and livestock products","Croatia","Yield","Barley","2015","100 g/ha","44268"
"Crops and livestock products","Croatia","Yield","Barley","2016","100 g/ha","46592"
"Crops and livestock products","Croatia","Yield","Barley","2017","100 g/ha","48272"
"Crops and livestock products","Croatia","Yield","Barley","2018","100 g/ha","45140"
"Crops and livestock products","Croatia","Yield","Barley","2019","100 g/ha","51919"
"Crops and livestock products","Croatia","Yield","Barley","2020","100 g/ha","49076"
"Crops and livestock products","Croatia","Yield","Maize (corn)","2006","100 g/ha","65312"
"Crops and livestock products","Croatia","Yield","Maize (corn)","2007","100 g/ha","49371"
"Crops and livestock products","Croatia","Yield","Maize (corn)","2008","100 g/ha","79759"
"Crops and livestock products","Croatia","Yield","Maize (corn)","2009","100 g/ha","73508"
"Crops and livestock products","Croatia","Yield","Maize (corn)","2010","100 g/ha","69678"
"Crops and livestock products","Croatia","Yield","Maize (corn)","2011","100 g/ha","56817"
"Crops and livestock products","Croatia","Yield","Maize (corn)","2012","100 g/ha","43374"
"Crops and livestock products","Croatia","Yield","Maize (corn)","2013","100 g/ha","65000"
"Crops and livestock products","Croatia","Yield","Maize (corn)","2014","100 g/ha","81046"
"Crops and livestock products","Croatia","Yield","Maize (corn)","2015","100 g/ha","64748"
"Crops and livestock products","Croatia","Yield","Maize (corn)","2016","100 g/ha","85470"
"Crops and livestock products","Croatia","Yield","Maize (corn)","2017","100 g/ha","63113"
"Crops and livestock products","Croatia","Yield","Maize (corn)","2018","100 g/ha","91238"
"Crops and livestock products","Croatia","Yield","Maize (corn)","2019","100 g/ha","89817"
"Crops and livestock products","Croatia","Yield","Maize (corn)","2020","100 g/ha","84279"
"Crops and livestock products","Croatia","Yield","Wheat","2006","100 g/ha","45833"
"Crops and livestock products","Croatia","Yield","Wheat","2007","100 g/ha","46408"
"Crops and livestock products","Croatia","Yield","Wheat","2008","100 g/ha","54833"
"Crops and livestock products","Croatia","Yield","Wheat","2009","100 g/ha","51896"
"Crops and livestock products","Croatia","Yield","Wheat","2010","100 g/ha","40415"
"Crops and livestock products","Croatia","Yield","Wheat","2011","100 g/ha","52237"
"Crops and livestock products","Croatia","Yield","Wheat","2012","100 g/ha","53473"
"Crops and livestock products","Croatia","Yield","Wheat","2013","100 g/ha","48846"
"Crops and livestock products","Croatia","Yield","Wheat","2014","100 g/ha","41560"
"Crops and livestock products","Croatia","Yield","Wheat","2015","100 g/ha","53809"
"Crops and livestock products","Croatia","Yield","Wheat","2016","100 g/ha","56537"
"Crops and livestock products","Croatia","Yield","Wheat","2017","100 g/ha","58084"
"Crops and livestock products","Croatia","Yield","Wheat","2018","100 g/ha","54388"
"Crops and livestock products","Croatia","Yield","Wheat","2019","100 g/ha","56114"
"Crops and livestock products","Croatia","Yield","Wheat","2020","100 g/ha","58680"
"Crops and livestock products","Cyprus","Yield","Barley","2006","100 g/ha","11934"
"Crops and livestock products","Cyprus","Yield","Barley","2007","100 g/ha","15288"
"Crops and livestock products","Cyprus","Yield","Barley","2008","100 g/ha","1140"
"Crops and livestock products","Cyprus","Yield","Barley","2009","100 g/ha","17863"
"Crops and livestock products","Cyprus","Yield","Barley","2010","100 g/ha","19073"
"Crops and livestock products","Cyprus","Yield","Barley","2011","100 g/ha","18319"
"Crops and livestock products","Cyprus","Yield","Barley","2012","100 g/ha","23231"
"Crops and livestock products","Cyprus","Yield","Barley","2013","100 g/ha","15300"
"Crops and livestock products","Cyprus","Yield","Barley","2014","100 g/ha","1436"
"Crops and livestock products","Cyprus","Yield","Barley","2015","100 g/ha","25377"
"Crops and livestock products","Cyprus","Yield","Barley","2016","100 g/ha","2000"
"Crops and livestock products","Cyprus","Yield","Barley","2017","100 g/ha","17122"
"Crops and livestock products","Cyprus","Yield","Barley","2018","100 g/ha","6188"
"Crops and livestock products","Cyprus","Yield","Barley","2019","100 g/ha","26252"
"Crops and livestock products","Cyprus","Yield","Barley","2020","100 g/ha","21334"
"Crops and livestock products","Cyprus","Yield","Wheat","2006","100 g/ha","13951"
"Crops and livestock products","Cyprus","Yield","Wheat","2007","100 g/ha","20261"
"Crops and livestock products","Cyprus","Yield","Wheat","2008","100 g/ha","4954"
"Crops and livestock products","Cyprus","Yield","Wheat","2009","100 g/ha","25499"
"Crops and livestock products","Cyprus","Yield","Wheat","2010","100 g/ha","24115"
"Crops and livestock products","Cyprus","Yield","Wheat","2011","100 g/ha","22413"
"Crops and livestock products","Cyprus","Yield","Wheat","2012","100 g/ha","26811"
"Crops and livestock products","Cyprus","Yield","Wheat","2013","100 g/ha","21935"
"Crops and livestock products","Cyprus","Yield","Wheat","2014","100 g/ha","7245"
"Crops and livestock products","Cyprus","Yield","Wheat","2015","100 g/ha","29540"
"Crops and livestock products","Cyprus","Yield","Wheat","2016","100 g/ha","8230"
"Crops and livestock products","Cyprus","Yield","Wheat","2017","100 g/ha","19120"
"Crops and livestock products","Cyprus","Yield","Wheat","2018","100 g/ha","15029"
"Crops and livestock products","Cyprus","Yield","Wheat","2019","100 g/ha","27828"
"Crops and livestock products","Cyprus","Yield","Wheat","2020","100 g/ha","26715"
"Crops and livestock products","Czechia","Yield","Barley","2006","100 g/ha","35932"
"Crops and livestock products","Czechia","Yield","Barley","2007","100 g/ha","37968"
"Crops and livestock products","Czechia","Yield","Barley","2008","100 g/ha","46515"
"Crops and livestock products","Czechia","Yield","Barley","2009","100 g/ha","44040"
"Crops and livestock products","Czechia","Yield","Barley","2010","100 g/ha","40739"
"Crops and livestock products","Czechia","Yield","Barley","2011","100 g/ha","48653"
"Crops and livestock products","Czechia","Yield","Barley","2012","100 g/ha","42279"
"Crops and livestock products","Czechia","Yield","Barley","2013","100 g/ha","45668"
"Crops and livestock products","Czechia","Yield","Barley","2014","100 g/ha","56118"
"Crops and livestock products","Czechia","Yield","Barley","2015","100 g/ha","54418"
"Crops and livestock products","Czechia","Yield","Barley","2016","100 g/ha","56651"
"Crops and livestock products","Czechia","Yield","Barley","2017","100 g/ha","52250"
"Crops and livestock products","Czechia","Yield","Barley","2018","100 g/ha","49459"
"Crops and livestock products","Czechia","Yield","Barley","2019","100 g/ha","53760"
"Crops and livestock products","Czechia","Yield","Barley","2020","100 g/ha","54719"
"Crops and livestock products","Czechia","Yield","Maize (corn)","2006","100 g/ha","67526"
"Crops and livestock products","Czechia","Yield","Maize (corn)","2007","100 g/ha","67955"
"Crops and livestock products","Czechia","Yield","Maize (corn)","2008","100 g/ha","75446"
"Crops and livestock products","Czechia","Yield","Maize (corn)","2009","100 g/ha","84506"
"Crops and livestock products","Czechia","Yield","Maize (corn)","2010","100 g/ha","67062"
"Crops and livestock products","Czechia","Yield","Maize (corn)","2011","100 g/ha","87908"
"Crops and livestock products","Czechia","Yield","Maize (corn)","2012","100 g/ha","77778"
"Crops and livestock products","Czechia","Yield","Maize (corn)","2013","100 g/ha","69697"
"Crops and livestock products","Czechia","Yield","Maize (corn)","2014","100 g/ha","84278"
"Crops and livestock products","Czechia","Yield","Maize (corn)","2015","100 g/ha","55358"
"Crops and livestock products","Czechia","Yield","Maize (corn)","2016","100 g/ha","97882"
"Crops and livestock products","Czechia","Yield","Maize (corn)","2017","100 g/ha","68389"
"Crops and livestock products","Czechia","Yield","Maize (corn)","2018","100 g/ha","59762"
"Crops and livestock products","Czechia","Yield","Maize (corn)","2019","100 g/ha","82889"
"Crops and livestock products","Czechia","Yield","Maize (corn)","2020","100 g/ha","94635"
"Crops and livestock products","Czechia","Yield","Wheat","2006","100 g/ha","44865"
"Crops and livestock products","Czechia","Yield","Wheat","2007","100 g/ha","48570"
"Crops and livestock products","Czechia","Yield","Wheat","2008","100 g/ha","57726"
"Crops and livestock products","Czechia","Yield","Wheat","2009","100 g/ha","52425"
"Crops and livestock products","Czechia","Yield","Wheat","2010","100 g/ha","49924"
"Crops and livestock products","Czechia","Yield","Wheat","2011","100 g/ha","56921"
"Crops and livestock products","Czechia","Yield","Wheat","2012","100 g/ha","43156"
"Crops and livestock products","Czechia","Yield","Wheat","2013","100 g/ha","56676"
"Crops and livestock products","Czechia","Yield","Wheat","2014","100 g/ha","65104"
"Crops and livestock products","Czechia","Yield","Wheat","2015","100 g/ha","63559"
"Crops and livestock products","Czechia","Yield","Wheat","2016","100 g/ha","64959"
"Crops and livestock products","Czechia","Yield","Wheat","2017","100 g/ha","56705"
"Crops and livestock products","Czechia","Yield","Wheat","2018","100 g/ha","53896"
"Crops and livestock products","Czechia","Yield","Wheat","2019","100 g/ha","57325"
"Crops and livestock products","Czechia","Yield","Wheat","2020","100 g/ha","61389"
"Crops and livestock products","Denmark","Yield","Barley","2006","100 g/ha","48156"
"Crops and livestock products","Denmark","Yield","Barley","2007","100 g/ha","49156"
"Crops and livestock products","Denmark","Yield","Barley","2008","100 g/ha","47344"
"Crops and livestock products","Denmark","Yield","Barley","2009","100 g/ha","57231"
"Crops and livestock products","Denmark","Yield","Barley","2010","100 g/ha","51831"
"Crops and livestock products","Denmark","Yield","Barley","2011","100 g/ha","53912"
"Crops and livestock products","Denmark","Yield","Barley","2012","100 g/ha","56106"
"Crops and livestock products","Denmark","Yield","Barley","2013","100 g/ha","57303"
"Crops and livestock products","Denmark","Yield","Barley","2014","100 g/ha","58696"
"Crops and livestock products","Denmark","Yield","Barley","2015","100 g/ha","61080"
"Crops and livestock products","Denmark","Yield","Barley","2016","100 g/ha","55872"
"Crops and livestock products","Denmark","Yield","Barley","2017","100 g/ha","59998"
"Crops and livestock products","Denmark","Yield","Barley","2018","100 g/ha","43319"
"Crops and livestock products","Denmark","Yield","Barley","2019","100 g/ha","62150"
"Crops and livestock products","Denmark","Yield","Barley","2020","100 g/ha","63633"
"Crops and livestock products","Denmark","Yield","Maize (corn)","2010","100 g/ha","48105"
"Crops and livestock products","Denmark","Yield","Maize (corn)","2011","100 g/ha","52170"
"Crops and livestock products","Denmark","Yield","Maize (corn)","2012","100 g/ha","58217"
"Crops and livestock products","Denmark","Yield","Maize (corn)","2013","100 g/ha","59141"
"Crops and livestock products","Denmark","Yield","Maize (corn)","2014","100 g/ha","72178"
"Crops and livestock products","Denmark","Yield","Maize (corn)","2015","100 g/ha","62000"
"Crops and livestock products","Denmark","Yield","Maize (corn)","2016","100 g/ha","76842"
"Crops and livestock products","Denmark","Yield","Maize (corn)","2017","100 g/ha","76275"
"Crops and livestock products","Denmark","Yield","Maize (corn)","2018","100 g/ha","56317"
"Crops and livestock products","Denmark","Yield","Maize (corn)","2019","100 g/ha","75593"
"Crops and livestock products","Denmark","Yield","Maize (corn)","2020","100 g/ha","62484"
"Crops and livestock products","Denmark","Yield","Wheat","2006","100 g/ha","69964"
"Crops and livestock products","Denmark","Yield","Wheat","2007","100 g/ha","65610"
"Crops and livestock products","Denmark","Yield","Wheat","2008","100 g/ha","78638"
"Crops and livestock products","Denmark","Yield","Wheat","2009","100 g/ha","80373"
"Crops and livestock products","Denmark","Yield","Wheat","2010","100 g/ha","66264"
"Crops and livestock products","Denmark","Yield","Wheat","2011","100 g/ha","64672"
"Crops and livestock products","Denmark","Yield","Wheat","2012","100 g/ha","73687"
"Crops and livestock products","Denmark","Yield","Wheat","2013","100 g/ha","72992"
"Crops and livestock products","Denmark","Yield","Wheat","2014","100 g/ha","77833"
"Crops and livestock products","Denmark","Yield","Wheat","2015","100 g/ha","79527"
"Crops and livestock products","Denmark","Yield","Wheat","2016","100 g/ha","72067"
"Crops and livestock products","Denmark","Yield","Wheat","2017","100 g/ha","82409"
"Crops and livestock products","Denmark","Yield","Wheat","2018","100 g/ha","61624"
"Crops and livestock products","Denmark","Yield","Wheat","2019","100 g/ha","80957"
"Crops and livestock products","Denmark","Yield","Wheat","2020","100 g/ha","80987"
"Crops and livestock products","Estonia","Yield","Barley","2006","100 g/ha","21308"
"Crops and livestock products","Estonia","Yield","Barley","2007","100 g/ha","26655"
"Crops and livestock products","Estonia","Yield","Barley","2008","100 g/ha","25575"
"Crops and livestock products","Estonia","Yield","Barley","2009","100 g/ha","26795"
"Crops and livestock products","Estonia","Yield","Barley","2010","100 g/ha","24315"
"Crops and livestock products","Estonia","Yield","Barley","2011","100 g/ha","24937"
"Crops and livestock products","Estonia","Yield","Barley","2012","100 g/ha","31312"
"Crops and livestock products","Estonia","Yield","Barley","2013","100 g/ha","33133"
"Crops and livestock products","Estonia","Yield","Barley","2014","100 g/ha","36415"
"Crops and livestock products","Estonia","Yield","Barley","2015","100 g/ha","42359"
"Crops and livestock products","Estonia","Yield","Barley","2016","100 g/ha","26406"
"Crops and livestock products","Estonia","Yield","Barley","2017","100 g/ha","41535"
"Crops and livestock products","Estonia","Yield","Barley","2018","100 g/ha","25092"
"Crops and livestock products","Estonia","Yield","Barley","2019","100 g/ha","42401"
"Crops and livestock products","Estonia","Yield","Barley","2020","100 g/ha","42922"
"Crops and livestock products","Estonia","Yield","Wheat","2006","100 g/ha","24173"
"Crops and livestock products","Estonia","Yield","Wheat","2007","100 g/ha","34746"
"Crops and livestock products","Estonia","Yield","Wheat","2008","100 g/ha","31831"
"Crops and livestock products","Estonia","Yield","Wheat","2009","100 g/ha","30146"
"Crops and livestock products","Estonia","Yield","Wheat","2010","100 g/ha","27440"
"Crops and livestock products","Estonia","Yield","Wheat","2011","100 g/ha","28065"
"Crops and livestock products","Estonia","Yield","Wheat","2012","100 g/ha","38994"
"Crops and livestock products","Estonia","Yield","Wheat","2013","100 g/ha","32754"
"Crops and livestock products","Estonia","Yield","Wheat","2014","100 g/ha","39864"
"Crops and livestock products","Estonia","Yield","Wheat","2015","100 g/ha","47885"
"Crops and livestock products","Estonia","Yield","Wheat","2016","100 g/ha","27685"
"Crops and livestock products","Estonia","Yield","Wheat","2017","100 g/ha","42018"
"Crops and livestock products","Estonia","Yield","Wheat","2018","100 g/ha","29129"
"Crops and livestock products","Estonia","Yield","Wheat","2019","100 g/ha","50699"
"Crops and livestock products","Estonia","Yield","Wheat","2020","100 g/ha","50019"
"Crops and livestock products","Finland","Yield","Barley","2006","100 g/ha","34997"
"Crops and livestock products","Finland","Yield","Barley","2007","100 g/ha","37210"
"Crops and livestock products","Finland","Yield","Barley","2008","100 g/ha","36355"
"Crops and livestock products","Finland","Yield","Barley","2009","100 g/ha","38644"
"Crops and livestock products","Finland","Yield","Barley","2010","100 g/ha","32108"
"Crops and livestock products","Finland","Yield","Barley","2011","100 g/ha","35053"
"Crops and livestock products","Finland","Yield","Barley","2012","100 g/ha","35040"
"Crops and livestock products","Finland","Yield","Barley","2013","100 g/ha","38515"
"Crops and livestock products","Finland","Yield","Barley","2014","100 g/ha","37327"
"Crops and livestock products","Finland","Yield","Barley","2015","100 g/ha","34743"
"Crops and livestock products","Finland","Yield","Barley","2016","100 g/ha","36263"
"Crops and livestock products","Finland","Yield","Barley","2017","100 g/ha","40751"
"Crops and livestock products","Finland","Yield","Barley","2018","100 g/ha","33404"
"Crops and livestock products","Finland","Yield","Barley","2019","100 g/ha","42774"
"Crops and livestock products","Finland","Yield","Barley","2020","100 g/ha","35653"
"Crops and livestock products","Finland","Yield","Wheat","2006","100 g/ha","35575"
"Crops and livestock products","Finland","Yield","Wheat","2007","100 g/ha","39329"
"Crops and livestock products","Finland","Yield","Wheat","2008","100 g/ha","36408"
"Crops and livestock products","Finland","Yield","Wheat","2009","100 g/ha","41027"
"Crops and livestock products","Finland","Yield","Wheat","2010","100 g/ha","34299"
"Crops and livestock products","Finland","Yield","Wheat","2011","100 g/ha","38469"
"Crops and livestock products","Finland","Yield","Wheat","2012","100 g/ha","39028"
"Crops and livestock products","Finland","Yield","Wheat","2013","100 g/ha","38215"
"Crops and livestock products","Finland","Yield","Wheat","2014","100 g/ha","40696"
"Crops and livestock products","Finland","Yield","Wheat","2015","100 g/ha","41030"
"Crops and livestock products","Finland","Yield","Wheat","2016","100 g/ha","38303"
"Crops and livestock products","Finland","Yield","Wheat","2017","100 g/ha","41276"
"Crops and livestock products","Finland","Yield","Wheat","2018","100 g/ha","28211"
"Crops and livestock products","Finland","Yield","Wheat","2019","100 g/ha","46264"
"Crops and livestock products","Finland","Yield","Wheat","2020","100 g/ha","34538"
"Crops and livestock products","France","Yield","Barley","2006","100 g/ha","62379"
"Crops and livestock products","France","Yield","Barley","2007","100 g/ha","55770"
"Crops and livestock products","France","Yield","Barley","2008","100 g/ha","67644"
"Crops and livestock products","France","Yield","Barley","2009","100 g/ha","68363"
"Crops and livestock products","France","Yield","Barley","2010","100 g/ha","63852"
"Crops and livestock products","France","Yield","Barley","2011","100 g/ha","56809"
"Crops and livestock products","France","Yield","Barley","2012","100 g/ha","67386"
"Crops and livestock products","France","Yield","Barley","2013","100 g/ha","63079"
"Crops and livestock products","France","Yield","Barley","2014","100 g/ha","66475"
"Crops and livestock products","France","Yield","Barley","2015","100 g/ha","71237"
"Crops and livestock products","France","Yield","Barley","2016","100 g/ha","54440"
"Crops and livestock products","France","Yield","Barley","2017","100 g/ha","63452"
"Crops and livestock products","France","Yield","Barley","2018","100 g/ha","62460"
"Crops and livestock products","France","Yield","Barley","2019","100 g/ha","69774"
"Crops and livestock products","France","Yield","Barley","2020","100 g/ha","52059"
"Crops and livestock products","France","Yield","Maize (corn)","2006","100 g/ha","85818"
"Crops and livestock products","France","Yield","Maize (corn)","2007","100 g/ha","94821"
"Crops and livestock products","France","Yield","Maize (corn)","2008","100 g/ha","91258"
"Crops and livestock products","France","Yield","Maize (corn)","2009","100 g/ha","88934"
"Crops and livestock products","France","Yield","Maize (corn)","2010","100 g/ha","88299"
"Crops and livestock products","France","Yield","Maize (corn)","2011","100 g/ha","99668"
"Crops and livestock products","France","Yield","Maize (corn)","2012","100 g/ha","90024"
"Crops and livestock products","France","Yield","Maize (corn)","2013","100 g/ha","81592"
"Crops and livestock products","France","Yield","Maize (corn)","2014","100 g/ha","100505"
"Crops and livestock products","France","Yield","Maize (corn)","2015","100 g/ha","83784"
"Crops and livestock products","France","Yield","Maize (corn)","2016","100 g/ha","82060"
"Crops and livestock products","France","Yield","Maize (corn)","2017","100 g/ha","101239"
"Crops and livestock products","France","Yield","Maize (corn)","2018","100 g/ha","88206"
"Crops and livestock products","France","Yield","Maize (corn)","2019","100 g/ha","85287"
"Crops and livestock products","France","Yield","Maize (corn)","2020","100 g/ha","79342"
"Crops and livestock products","France","Yield","Wheat","2006","100 g/ha","67414"
"Crops and livestock products","France","Yield","Wheat","2007","100 g/ha","62542"
"Crops and livestock products","France","Yield","Wheat","2008","100 g/ha","71018"
"Crops and livestock products","France","Yield","Wheat","2009","100 g/ha","74478"
"Crops and livestock products","France","Yield","Wheat","2010","100 g/ha","70405"
"Crops and livestock products","France","Yield","Wheat","2011","100 g/ha","66563"
"Crops and livestock products","France","Yield","Wheat","2012","100 g/ha","71512"
"Crops and livestock products","France","Yield","Wheat","2013","100 g/ha","72656"
"Crops and livestock products","France","Yield","Wheat","2014","100 g/ha","73530"
"Crops and livestock products","France","Yield","Wheat","2015","100 g/ha","78008"
"Crops and livestock products","France","Yield","Wheat","2016","100 g/ha","52896"
"Crops and livestock products","France","Yield","Wheat","2017","100 g/ha","72538"
"Crops and livestock products","France","Yield","Wheat","2018","100 g/ha","67680"
"Crops and livestock products","France","Yield","Wheat","2019","100 g/ha","77428"
"Crops and livestock products","France","Yield","Wheat","2020","100 g/ha","66776"
"Crops and livestock products","Germany","Yield","Barley","2006","100 g/ha","59086"
"Crops and livestock products","Germany","Yield","Barley","2007","100 g/ha","54173"
"Crops and livestock products","Germany","Yield","Barley","2008","100 g/ha","61004"
"Crops and livestock products","Germany","Yield","Barley","2009","100 g/ha","65436"
"Crops and livestock products","Germany","Yield","Barley","2010","100 g/ha","62918"
"Crops and livestock products","Germany","Yield","Barley","2011","100 g/ha","54651"
"Crops and livestock products","Germany","Yield","Barley","2012","100 g/ha","61934"
"Crops and livestock products","Germany","Yield","Barley","2013","100 g/ha","65866"
"Crops and livestock products","Germany","Yield","Barley","2014","100 g/ha","73475"
"Crops and livestock products","Germany","Yield","Barley","2015","100 g/ha","71710"
"Crops and livestock products","Germany","Yield","Barley","2016","100 g/ha","66857"
"Crops and livestock products","Germany","Yield","Barley","2017","100 g/ha","69302"
"Crops and livestock products","Germany","Yield","Barley","2018","100 g/ha","57663"
"Crops and livestock products","Germany","Yield","Barley","2019","100 g/ha","67834"
"Crops and livestock products","Germany","Yield","Barley","2020","100 g/ha","64591"
"Crops and livestock products","Germany","Yield","Maize (corn)","2006","100 g/ha","80307"
"Crops and livestock products","Germany","Yield","Maize (corn)","2007","100 g/ha","94475"
"Crops and livestock products","Germany","Yield","Maize (corn)","2008","100 g/ha","98099"
"Crops and livestock products","Germany","Yield","Maize (corn)","2009","100 g/ha","97500"
"Crops and livestock products","Germany","Yield","Maize (corn)","2010","100 g/ha","90261"
"Crops and livestock products","Germany","Yield","Maize (corn)","2011","100 g/ha","106243"
"Crops and livestock products","Germany","Yield","Maize (corn)","2012","100 g/ha","104802"
"Crops and livestock products","Germany","Yield","Maize (corn)","2013","100 g/ha","88276"
"Crops and livestock products","Germany","Yield","Maize (corn)","2014","100 g/ha","106838"
"Crops and livestock products","Germany","Yield","Maize (corn)","2015","100 g/ha","87223"
"Crops and livestock products","Germany","Yield","Maize (corn)","2016","100 g/ha","96512"
"Crops and livestock products","Germany","Yield","Maize (corn)","2017","100 g/ha","105269"
"Crops and livestock products","Germany","Yield","Maize (corn)","2018","100 g/ha","81390"
"Crops and livestock products","Germany","Yield","Maize (corn)","2019","100 g/ha","88096"
"Crops and livestock products","Germany","Yield","Maize (corn)","2020","100 g/ha","95874"
"Crops and livestock products","Germany","Yield","Wheat","2006","100 g/ha","72007"
"Crops and livestock products","Germany","Yield","Wheat","2007","100 g/ha","69611"
"Crops and livestock products","Germany","Yield","Wheat","2008","100 g/ha","80873"
"Crops and livestock products","Germany","Yield","Wheat","2009","100 g/ha","78091"
"Crops and livestock products","Germany","Yield","Wheat","2010","100 g/ha","72120"
"Crops and livestock products","Germany","Yield","Wheat","2011","100 g/ha","70139"
"Crops and livestock products","Germany","Yield","Wheat","2012","100 g/ha","73312"
"Crops and livestock products","Germany","Yield","Wheat","2013","100 g/ha","79979"
"Crops and livestock products","Germany","Yield","Wheat","2014","100 g/ha","86296"
"Crops and livestock products","Germany","Yield","Wheat","2015","100 g/ha","80877"
"Crops and livestock products","Germany","Yield","Wheat","2016","100 g/ha","76409"
"Crops and livestock products","Germany","Yield","Wheat","2017","100 g/ha","76443"
"Crops and livestock products","Germany","Yield","Wheat","2018","100 g/ha","66737"
"Crops and livestock products","Germany","Yield","Wheat","2019","100 g/ha","73964"
"Crops and livestock products","Germany","Yield","Wheat","2020","100 g/ha","78195"
"Crops and livestock products","Greece","Yield","Barley","2006","100 g/ha","24131"
"Crops and livestock products","Greece","Yield","Barley","2007","100 g/ha","23037"
"Crops and livestock products","Greece","Yield","Barley","2008","100 g/ha","27430"
"Crops and livestock products","Greece","Yield","Barley","2009","100 g/ha","26696"
"Crops and livestock products","Greece","Yield","Barley","2010","100 g/ha","25759"
"Crops and livestock products","Greece","Yield","Barley","2011","100 g/ha","26327"
"Crops and livestock products","Greece","Yield","Barley","2012","100 g/ha","26291"
"Crops and livestock products","Greece","Yield","Barley","2013","100 g/ha","27798"
"Crops and livestock products","Greece","Yield","Barley","2014","100 g/ha","28323"
"Crops and livestock products","Greece","Yield","Barley","2015","100 g/ha","27817"
"Crops and livestock products","Greece","Yield","Barley","2016","100 g/ha","28795"
"Crops and livestock products","Greece","Yield","Barley","2017","100 g/ha","29117"
"Crops and livestock products","Greece","Yield","Barley","2018","100 g/ha","26675"
"Crops and livestock products","Greece","Yield","Barley","2019","100 g/ha","27652"
"Crops and livestock products","Greece","Yield","Barley","2020","100 g/ha","29107"
"Crops and livestock products","Greece","Yield","Maize (corn)","2006","100 g/ha","101383"
"Crops and livestock products","Greece","Yield","Maize (corn)","2007","100 g/ha","100223"
"Crops and livestock products","Greece","Yield","Maize (corn)","2008","100 g/ha","104810"
"Crops and livestock products","Greece","Yield","Maize (corn)","2009","100 g/ha","104326"
"Crops and livestock products","Greece","Yield","Maize (corn)","2010","100 g/ha","103818"
"Crops and livestock products","Greece","Yield","Maize (corn)","2011","100 g/ha","107069"
"Crops and livestock products","Greece","Yield","Maize (corn)","2012","100 g/ha","104559"
"Crops and livestock products","Greece","Yield","Maize (corn)","2013","100 g/ha","106689"
"Crops and livestock products","Greece","Yield","Maize (corn)","2014","100 g/ha","111034"
"Crops and livestock products","Greece","Yield","Maize (corn)","2015","100 g/ha","116702"
"Crops and livestock products","Greece","Yield","Maize (corn)","2016","100 g/ha","113337"
"Crops and livestock products","Greece","Yield","Maize (corn)","2017","100 g/ha","115985"
"Crops and livestock products","Greece","Yield","Maize (corn)","2018","100 g/ha","106301"
"Crops and livestock products","Greece","Yield","Maize (corn)","2019","100 g/ha","106807"
"Crops and livestock products","Greece","Yield","Maize (corn)","2020","100 g/ha","100878"
"Crops and livestock products","Greece","Yield","Wheat","2006","100 g/ha","22859"
"Crops and livestock products","Greece","Yield","Wheat","2007","100 g/ha","22353"
"Crops and livestock products","Greece","Yield","Wheat","2008","100 g/ha","27769"
"Crops and livestock products","Greece","Yield","Wheat","2009","100 g/ha","27436"
"Crops and livestock products","Greece","Yield","Wheat","2010","100 g/ha","26044"
"Crops and livestock products","Greece","Yield","Wheat","2011","100 g/ha","27004"
"Crops and livestock products","Greece","Yield","Wheat","2012","100 g/ha","26650"
"Crops and livestock products","Greece","Yield","Wheat","2013","100 g/ha","27777"
"Crops and livestock products","Greece","Yield","Wheat","2014","100 g/ha","27466"
"Crops and livestock products","Greece","Yield","Wheat","2015","100 g/ha","29050"
"Crops and livestock products","Greece","Yield","Wheat","2016","100 g/ha","28928"
"Crops and livestock products","Greece","Yield","Wheat","2017","100 g/ha","29284"
"Crops and livestock products","Greece","Yield","Wheat","2018","100 g/ha","26526"
"Crops and livestock products","Greece","Yield","Wheat","2019","100 g/ha","27939"
"Crops and livestock products","Greece","Yield","Wheat","2020","100 g/ha","30773"
"Crops and livestock products","Hungary","Yield","Barley","2006","100 g/ha","36744"
"Crops and livestock products","Hungary","Yield","Barley","2007","100 g/ha","31661"
"Crops and livestock products","Hungary","Yield","Barley","2008","100 g/ha","44517"
"Crops and livestock products","Hungary","Yield","Barley","2009","100 g/ha","33160"
"Crops and livestock products","Hungary","Yield","Barley","2010","100 g/ha","33576"
"Crops and livestock products","Hungary","Yield","Barley","2011","100 g/ha","37854"
"Crops and livestock products","Hungary","Yield","Barley","2012","100 g/ha","36166"
"Crops and livestock products","Hungary","Yield","Barley","2013","100 g/ha","40534"
"Crops and livestock products","Hungary","Yield","Barley","2014","100 g/ha","44238"
"Crops and livestock products","Hungary","Yield","Barley","2015","100 g/ha","47586"
"Crops and livestock products","Hungary","Yield","Barley","2016","100 g/ha","50919"
"Crops and livestock products","Hungary","Yield","Barley","2017","100 g/ha","52834"
"Crops and livestock products","Hungary","Yield","Barley","2018","100 g/ha","46916"
"Crops and livestock products","Hungary","Yield","Barley","2019","100 g/ha","55919"
"Crops and livestock products","Hungary","Yield","Barley","2020","100 g/ha","56774"
"Crops and livestock products","Hungary","Yield","Maize (corn)","2006","100 g/ha","68165"
"Crops and livestock products","Hungary","Yield","Maize (corn)","2007","100 g/ha","37327"
"Crops and livestock products","Hungary","Yield","Maize (corn)","2008","100 g/ha","74653"
"Crops and livestock products","Hungary","Yield","Maize (corn)","2009","100 g/ha","63945"
"Crops and livestock products","Hungary","Yield","Maize (corn)","2010","100 g/ha","64745"
"Crops and livestock products","Hungary","Yield","Maize (corn)","2011","100 g/ha","64976"
"Crops and livestock products","Hungary","Yield","Maize (corn)","2012","100 g/ha","39979"
"Crops and livestock products","Hungary","Yield","Maize (corn)","2013","100 g/ha","54373"
"Crops and livestock products","Hungary","Yield","Maize (corn)","2014","100 g/ha","78185"
"Crops and livestock products","Hungary","Yield","Maize (corn)","2015","100 g/ha","57871"
"Crops and livestock products","Hungary","Yield","Maize (corn)","2016","100 g/ha","86301"
"Crops and livestock products","Hungary","Yield","Maize (corn)","2017","100 g/ha","68154"
"Crops and livestock products","Hungary","Yield","Maize (corn)","2018","100 g/ha","84450"
"Crops and livestock products","Hungary","Yield","Maize (corn)","2019","100 g/ha","80087"
"Crops and livestock products","Hungary","Yield","Maize (corn)","2020","100 g/ha","85274"
"Crops and livestock products","Hungary","Yield","Wheat","2006","100 g/ha","40719"
"Crops and livestock products","Hungary","Yield","Wheat","2007","100 g/ha","35875"
"Crops and livestock products","Hungary","Yield","Wheat","2008","100 g/ha","50024"
"Crops and livestock products","Hungary","Yield","Wheat","2009","100 g/ha","38546"
"Crops and livestock products","Hungary","Yield","Wheat","2010","100 g/ha","37038"
"Crops and livestock products","Hungary","Yield","Wheat","2011","100 g/ha","41994"
"Crops and livestock products","Hungary","Yield","Wheat","2012","100 g/ha","37485"
"Crops and livestock products","Hungary","Yield","Wheat","2013","100 g/ha","46386"
"Crops and livestock products","Hungary","Yield","Wheat","2014","100 g/ha","47288"
"Crops and livestock products","Hungary","Yield","Wheat","2015","100 g/ha","51796"
"Crops and livestock products","Hungary","Yield","Wheat","2016","100 g/ha","53654"
"Crops and livestock products","Hungary","Yield","Wheat","2017","100 g/ha","54287"
"Crops and livestock products","Hungary","Yield","Wheat","2018","100 g/ha","51244"
"Crops and livestock products","Hungary","Yield","Wheat","2019","100 g/ha","52949"
"Crops and livestock products","Hungary","Yield","Wheat","2020","100 g/ha","54680"
"Crops and livestock products","Ireland","Yield","Barley","2006","100 g/ha","68078"
"Crops and livestock products","Ireland","Yield","Barley","2007","100 g/ha","67134"
"Crops and livestock products","Ireland","Yield","Barley","2008","100 g/ha","69129"
"Crops and livestock products","Ireland","Yield","Barley","2009","100 g/ha","63394"
"Crops and livestock products","Ireland","Yield","Barley","2010","100 g/ha","69971"
"Crops and livestock products","Ireland","Yield","Barley","2011","100 g/ha","78184"
"Crops and livestock products","Ireland","Yield","Barley","2012","100 g/ha","65389"
"Crops and livestock products","Ireland","Yield","Barley","2013","100 g/ha","75789"
"Crops and livestock products","Ireland","Yield","Barley","2014","100 g/ha","80260"
"Crops and livestock products","Ireland","Yield","Barley","2015","100 g/ha","85759"
"Crops and livestock products","Ireland","Yield","Barley","2016","100 g/ha","78219"
"Crops and livestock products","Ireland","Yield","Barley","2017","100 g/ha","83570"
"Crops and livestock products","Ireland","Yield","Barley","2018","100 g/ha","63796"
"Crops and livestock products","Ireland","Yield","Barley","2019","100 g/ha","82493"
"Crops and livestock products","Ireland","Yield","Barley","2020","100 g/ha","69752"
"Crops and livestock products","Ireland","Yield","Wheat","2006","100 g/ha","91543"
"Crops and livestock products","Ireland","Yield","Wheat","2007","100 g/ha","84626"
"Crops and livestock products","Ireland","Yield","Wheat","2008","100 g/ha","89684"
"Crops and livestock products","Ireland","Yield","Wheat","2009","100 g/ha","81669"
"Crops and livestock products","Ireland","Yield","Wheat","2010","100 g/ha","86015"
"Crops and livestock products","Ireland","Yield","Wheat","2011","100 g/ha","98641"
"Crops and livestock products","Ireland","Yield","Wheat","2012","100 g/ha","72235"
"Crops and livestock products","Ireland","Yield","Wheat","2013","100 g/ha","89983"
"Crops and livestock products","Ireland","Yield","Wheat","2014","100 g/ha","100140"
"Crops and livestock products","Ireland","Yield","Wheat","2015","100 g/ha","106677"
"Crops and livestock products","Ireland","Yield","Wheat","2016","100 g/ha","95390"
"Crops and livestock products","Ireland","Yield","Wheat","2017","100 g/ha","101672"
"Crops and livestock products","Ireland","Yield","Wheat","2018","100 g/ha","83732"
"Crops and livestock products","Ireland","Yield","Wheat","2019","100 g/ha","93787"
"Crops and livestock products","Ireland","Yield","Wheat","2020","100 g/ha","77659"
"Crops and livestock products","Italy","Yield","Barley","2006","100 g/ha","38770"
"Crops and livestock products","Italy","Yield","Barley","2007","100 g/ha","35548"
"Crops and livestock products","Italy","Yield","Barley","2008","100 g/ha","37468"
"Crops and livestock products","Italy","Yield","Barley","2009","100 g/ha","34198"
"Crops and livestock products","Italy","Yield","Barley","2010","100 g/ha","36223"
"Crops and livestock products","Italy","Yield","Barley","2011","100 g/ha","35208"
"Crops and livestock products","Italy","Yield","Barley","2012","100 g/ha","38201"
"Crops and livestock products","Italy","Yield","Barley","2013","100 g/ha","36901"
"Crops and livestock products","Italy","Yield","Barley","2014","100 g/ha","36374"
"Crops and livestock products","Italy","Yield","Barley","2015","100 g/ha","39323"
"Crops and livestock products","Italy","Yield","Barley","2016","100 g/ha","40114"
"Crops and livestock products","Italy","Yield","Barley","2017","100 g/ha","39289"
"Crops and livestock products","Italy","Yield","Barley","2018","100 g/ha","39660"
"Crops and livestock products","Italy","Yield","Barley","2019","100 g/ha","42270"
"Crops and livestock products","Italy","Yield","Barley","2020","100 g/ha","42658"
"Crops and livestock products","Italy","Yield","Maize (corn)","2006","100 g/ha","87285"
"Crops and livestock products","Italy","Yield","Maize (corn)","2007","100 g/ha","93120"
"Crops and livestock products","Italy","Yield","Maize (corn)","2008","100 g/ha","95726"
"Crops and livestock products","Italy","Yield","Maize (corn)","2009","100 g/ha","86048"
"Crops and livestock products","Italy","Yield","Maize (corn)","2010","100 g/ha","91672"
"Crops and livestock products","Italy","Yield","Maize (corn)","2011","100 g/ha","98033"
"Crops and livestock products","Italy","Yield","Maize (corn)","2012","100 g/ha","80325"
"Crops and livestock products","Italy","Yield","Maize (corn)","2013","100 g/ha","86989"
"Crops and livestock products","Italy","Yield","Maize (corn)","2014","100 g/ha","106208"
"Crops and livestock products","Italy","Yield","Maize (corn)","2015","100 g/ha","97254"
"Crops and livestock products","Italy","Yield","Maize (corn)","2016","100 g/ha","103515"
"Crops and livestock products","Italy","Yield","Maize (corn)","2017","100 g/ha","93667"
"Crops and livestock products","Italy","Yield","Maize (corn)","2018","100 g/ha","104855"
"Crops and livestock products","Italy","Yield","Maize (corn)","2019","100 g/ha","99859"
"Crops and livestock products","Italy","Yield","Maize (corn)","2020","100 g/ha","112682"
"Crops and livestock products","Italy","Yield","Wheat","2006","100 g/ha","37295"
"Crops and livestock products","Italy","Yield","Wheat","2007","100 g/ha","34137"
"Crops and livestock products","Italy","Yield","Wheat","2008","100 g/ha","38689"
"Crops and livestock products","Italy","Yield","Wheat","2009","100 g/ha","35859"
"Crops and livestock products","Italy","Yield","Wheat","2010","100 g/ha","37421"
"Crops and livestock products","Italy","Yield","Wheat","2011","100 g/ha","38335"
"Crops and livestock products","Italy","Yield","Wheat","2012","100 g/ha","41293"
"Crops and livestock products","Italy","Yield","Wheat","2013","100 g/ha","38441"
"Crops and livestock products","Italy","Yield","Wheat","2014","100 g/ha","38107"
"Crops and livestock products","Italy","Yield","Wheat","2015","100 g/ha","39280"
"Crops and livestock products","Italy","Yield","Wheat","2016","100 g/ha","42030"
"Crops and livestock products","Italy","Yield","Wheat","2017","100 g/ha","38562"
"Crops and livestock products","Italy","Yield","Wheat","2018","100 g/ha","38999"
"Crops and livestock products","Italy","Yield","Wheat","2019","100 g/ha","38409"
"Crops and livestock products","Italy","Yield","Wheat","2020","100 g/ha","39248"
"Crops and livestock products","Latvia","Yield","Barley","2006","100 g/ha","19909"
"Crops and livestock products","Latvia","Yield","Barley","2007","100 g/ha","24123"
"Crops and livestock products","Latvia","Yield","Barley","2008","100 g/ha","23407"
"Crops and livestock products","Latvia","Yield","Barley","2009","100 g/ha","25373"
"Crops and livestock products","Latvia","Yield","Barley","2010","100 g/ha","22749"
"Crops and livestock products","Latvia","Yield","Barley","2011","100 g/ha","24682"
"Crops and livestock products","Latvia","Yield","Barley","2012","100 g/ha","28806"
"Crops and livestock products","Latvia","Yield","Barley","2013","100 g/ha","27559"
"Crops and livestock products","Latvia","Yield","Barley","2014","100 g/ha","35431"
"Crops and livestock products","Latvia","Yield","Barley","2015","100 g/ha","38781"
"Crops and livestock products","Latvia","Yield","Barley","2016","100 g/ha","30000"
"Crops and livestock products","Latvia","Yield","Barley","2017","100 g/ha","34267"
"Crops and livestock products","Latvia","Yield","Barley","2018","100 g/ha","25892"
"Crops and livestock products","Latvia","Yield","Barley","2019","100 g/ha","35184"
"Crops and livestock products","Latvia","Yield","Barley","2020","100 g/ha","36588"
"Crops and livestock products","Latvia","Yield","Wheat","2006","100 g/ha","27815"
"Crops and livestock products","Latvia","Yield","Wheat","2007","100 g/ha","35944"
"Crops and livestock products","Latvia","Yield","Wheat","2008","100 g/ha","38566"
"Crops and livestock products","Latvia","Yield","Wheat","2009","100 g/ha","36276"
"Crops and livestock products","Latvia","Yield","Wheat","2010","100 g/ha","32849"
"Crops and livestock products","Latvia","Yield","Wheat","2011","100 g/ha","30613"
"Crops and livestock products","Latvia","Yield","Wheat","2012","100 g/ha","43695"
"Crops and livestock products","Latvia","Yield","Wheat","2013","100 g/ha","38857"
"Crops and livestock products","Latvia","Yield","Wheat","2014","100 g/ha","37474"
"Crops and livestock products","Latvia","Yield","Wheat","2015","100 g/ha","50304"
"Crops and livestock products","Latvia","Yield","Wheat","2016","100 g/ha","43045"
"Crops and livestock products","Latvia","Yield","Wheat","2017","100 g/ha","47869"
"Crops and livestock products","Latvia","Yield","Wheat","2018","100 g/ha","34314"
"Crops and livestock products","Latvia","Yield","Wheat","2019","100 g/ha","48123"
"Crops and livestock products","Latvia","Yield","Wheat","2020","100 g/ha","53384"
"Crops and livestock products","Lithuania","Yield","Barley","2006","100 g/ha","19400"
"Crops and livestock products","Lithuania","Yield","Barley","2007","100 g/ha","26578"
"Crops and livestock products","Lithuania","Yield","Barley","2008","100 g/ha","29185"
"Crops and livestock products","Lithuania","Yield","Barley","2009","100 g/ha","30937"
"Crops and livestock products","Lithuania","Yield","Barley","2010","100 g/ha","23727"
"Crops and livestock products","Lithuania","Yield","Barley","2011","100 g/ha","30067"
"Crops and livestock products","Lithuania","Yield","Barley","2012","100 g/ha","34142"
"Crops and livestock products","Lithuania","Yield","Barley","2013","100 g/ha","32762"
"Crops and livestock products","Lithuania","Yield","Barley","2014","100 g/ha","38146"
"Crops and livestock products","Lithuania","Yield","Barley","2015","100 g/ha","40094"
"Crops and livestock products","Lithuania","Yield","Barley","2016","100 g/ha","31598"
"Crops and livestock products","Lithuania","Yield","Barley","2017","100 g/ha","36693"
"Crops and livestock products","Lithuania","Yield","Barley","2018","100 g/ha","27424"
"Crops and livestock products","Lithuania","Yield","Barley","2019","100 g/ha","33670"
"Crops and livestock products","Lithuania","Yield","Barley","2020","100 g/ha","42816"
"Crops and livestock products","Lithuania","Yield","Maize (corn)","2006","100 g/ha","23500"
"Crops and livestock products","Lithuania","Yield","Maize (corn)","2007","100 g/ha","48148"
"Crops and livestock products","Lithuania","Yield","Maize (corn)","2008","100 g/ha","42105"
"Crops and livestock products","Lithuania","Yield","Maize (corn)","2009","100 g/ha","43273"
"Crops and livestock products","Lithuania","Yield","Maize (corn)","2010","100 g/ha","66901"
"Crops and livestock products","Lithuania","Yield","Maize (corn)","2011","100 g/ha","74896"
"Crops and livestock products","Lithuania","Yield","Maize (corn)","2012","100 g/ha","61085"
"Crops and livestock products","Lithuania","Yield","Maize (corn)","2013","100 g/ha","73953"
"Crops and livestock products","Lithuania","Yield","Maize (corn)","2014","100 g/ha","60526"
"Crops and livestock products","Lithuania","Yield","Maize (corn)","2015","100 g/ha","48205"
"Crops and livestock products","Lithuania","Yield","Maize (corn)","2016","100 g/ha","69397"
"Crops and livestock products","Lithuania","Yield","Maize (corn)","2017","100 g/ha","57381"
"Crops and livestock products","Lithuania","Yield","Maize (corn)","2018","100 g/ha","65414"
"Crops and livestock products","Lithuania","Yield","Maize (corn)","2019","100 g/ha","76719"
"Crops and livestock products","Lithuania","Yield","Maize (corn)","2020","100 g/ha","70144"
"Crops and livestock products","Lithuania","Yield","Wheat","2006","100 g/ha","23554"
"Crops and livestock products","Lithuania","Yield","Wheat","2007","100 g/ha","39219"
"Crops and livestock products","Lithuania","Yield","Wheat","2008","100 g/ha","42689"
"Crops and livestock products","Lithuania","Yield","Wheat","2009","100 g/ha","42004"
"Crops and livestock products","Lithuania","Yield","Wheat","2010","100 g/ha","33045"
"Crops and livestock products","Lithuania","Yield","Wheat","2011","100 g/ha","33919"
"Crops and livestock products","Lithuania","Yield","Wheat","2012","100 g/ha","47829"
"Crops and livestock products","Lithuania","Yield","Wheat","2013","100 g/ha","43022"
"Crops and livestock products","Lithuania","Yield","Wheat","2014","100 g/ha","45630"
"Crops and livestock products","Lithuania","Yield","Wheat","2015","100 g/ha","52384"
"Crops and livestock products","Lithuania","Yield","Wheat","2016","100 g/ha","43661"
"Crops and livestock products","Lithuania","Yield","Wheat","2017","100 g/ha","48247"
"Crops and livestock products","Lithuania","Yield","Wheat","2018","100 g/ha","36731"
"Crops and livestock products","Lithuania","Yield","Wheat","2019","100 g/ha","42912"
"Crops and livestock products","Lithuania","Yield","Wheat","2020","100 g/ha","53931"
"Crops and livestock products","Luxembourg","Yield","Barley","2006","100 g/ha","52629"
"Crops and livestock products","Luxembourg","Yield","Barley","2007","100 g/ha","48380"
"Crops and livestock products","Luxembourg","Yield","Barley","2008","100 g/ha","54231"
"Crops and livestock products","Luxembourg","Yield","Barley","2009","100 g/ha","58049"
"Crops and livestock products","Luxembourg","Yield","Barley","2010","100 g/ha","52055"
"Crops and livestock products","Luxembourg","Yield","Barley","2011","100 g/ha","48434"
"Crops and livestock products","Luxembourg","Yield","Barley","2012","100 g/ha","53380"
"Crops and livestock products","Luxembourg","Yield","Barley","2013","100 g/ha","55175"
"Crops and livestock products","Luxembourg","Yield","Barley","2014","100 g/ha","55262"
"Crops and livestock products","Luxembourg","Yield","Barley","2015","100 g/ha","57542"
"Crops and livestock products","Luxembourg","Yield","Barley","2016","100 g/ha","49275"
"Crops and livestock products","Luxembourg","Yield","Barley","2017","100 g/ha","53000"
"Crops and livestock products","Luxembourg","Yield","Barley","2018","100 g/ha","58983"
"Crops and livestock products","Luxembourg","Yield","Barley","2019","100 g/ha","59488"
"Crops and livestock products","Luxembourg","Yield","Barley","2020","100 g/ha","55033"
"Crops and livestock products","Luxembourg","Yield","Maize (corn)","2006","100 g/ha","65104"
"Crops and livestock products","Luxembourg","Yield","Maize (corn)","2007","100 g/ha","75445"
"Crops and livestock products","Luxembourg","Yield","Maize (corn)","2008","100 g/ha","60053"
"Crops and livestock products","Luxembourg","Yield","Maize (corn)","2009","100 g/ha","59976"
"Crops and livestock products","Luxembourg","Yield","Maize (corn)","2010","100 g/ha","83093"
"Crops and livestock products","Luxembourg","Yield","Maize (corn)","2011","100 g/ha","77800"
"Crops and livestock products","Luxembourg","Yield","Maize (corn)","2012","100 g/ha","80900"
"Crops and livestock products","Luxembourg","Yield","Maize (corn)","2013","100 g/ha","108000"
"Crops and livestock products","Luxembourg","Yield","Maize (corn)","2014","100 g/ha","77425"
"Crops and livestock products","Luxembourg","Yield","Maize (corn)","2015","100 g/ha","65816"
"Crops and livestock products","Luxembourg","Yield","Maize (corn)","2016","100 g/ha","66970"
"Crops and livestock products","Luxembourg","Yield","Maize (corn)","2017","100 g/ha","85972"
"Crops and livestock products","Luxembourg","Yield","Maize (corn)","2018","100 g/ha","51111"
"Crops and livestock products","Luxembourg","Yield","Maize (corn)","2019","100 g/ha","47143"
"Crops and livestock products","Luxembourg","Yield","Maize (corn)","2020","100 g/ha","55000"
"Crops and livestock products","Luxembourg","Yield","Wheat","2006","100 g/ha","59694"
"Crops and livestock products","Luxembourg","Yield","Wheat","2007","100 g/ha","55990"
"Crops and livestock products","Luxembourg","Yield","Wheat","2008","100 g/ha","66617"
"Crops and livestock products","Luxembourg","Yield","Wheat","2009","100 g/ha","65677"
"Crops and livestock products","Luxembourg","Yield","Wheat","2010","100 g/ha","59586"
"Crops and livestock products","Luxembourg","Yield","Wheat","2011","100 g/ha","55290"
"Crops and livestock products","Luxembourg","Yield","Wheat","2012","100 g/ha","58665"
"Crops and livestock products","Luxembourg","Yield","Wheat","2013","100 g/ha","63676"
"Crops and livestock products","Luxembourg","Yield","Wheat","2014","100 g/ha","61541"
"Crops and livestock products","Luxembourg","Yield","Wheat","2015","100 g/ha","62825"
"Crops and livestock products","Luxembourg","Yield","Wheat","2016","100 g/ha","50744"
"Crops and livestock products","Luxembourg","Yield","Wheat","2017","100 g/ha","54834"
"Crops and livestock products","Luxembourg","Yield","Wheat","2018","100 g/ha","61888"
"Crops and livestock products","Luxembourg","Yield","Wheat","2019","100 g/ha","61572"
"Crops and livestock products","Luxembourg","Yield","Wheat","2020","100 g/ha","60687"
"Crops and livestock products","Malta","Yield","Barley","2006","100 g/ha","40000"
"Crops and livestock products","Malta","Yield","Barley","2007","100 g/ha","40000"
"Crops and livestock products","Malta","Yield","Barley","2008","100 g/ha","40000"
"Crops and livestock products","Malta","Yield","Barley","2009","100 g/ha","40385"
"Crops and livestock products","Malta","Yield","Barley","2010","100 g/ha","41146"
"Crops and livestock products","Malta","Yield","Barley","2011","100 g/ha","41701"
"Crops and livestock products","Malta","Yield","Barley","2012","100 g/ha","41153"
"Crops and livestock products","Malta","Yield","Barley","2013","100 g/ha","41356"
"Crops and livestock products","Malta","Yield","Barley","2014","100 g/ha","41220"
"Crops and livestock products","Malta","Yield","Barley","2015","100 g/ha","41799"
"Crops and livestock products","Malta","Yield","Barley","2016","100 g/ha","41575"
"Crops and livestock products","Malta","Yield","Barley","2017","100 g/ha","41653"
"Crops and livestock products","Malta","Yield","Wheat","2006","100 g/ha","40385"
"Crops and livestock products","Malta","Yield","Wheat","2007","100 g/ha","42857"
"Crops and livestock products","Malta","Yield","Wheat","2008","100 g/ha","48333"
"Crops and livestock products","Malta","Yield","Wheat","2009","100 g/ha","49286"
"Crops and livestock products","Malta","Yield","Wheat","2010","100 g/ha","48011"
"Crops and livestock products","Malta","Yield","Wheat","2011","100 g/ha","47687"
"Crops and livestock products","Malta","Yield","Wheat","2012","100 g/ha","47439"
"Crops and livestock products","Malta","Yield","Wheat","2013","100 g/ha","47780"
"Crops and livestock products","Malta","Yield","Wheat","2014","100 g/ha","48777"
"Crops and livestock products","Malta","Yield","Wheat","2015","100 g/ha","49920"
"Crops and livestock products","Malta","Yield","Wheat","2016","100 g/ha","49826"
"Crops and livestock products","Malta","Yield","Wheat","2017","100 g/ha","50311"
"Crops and livestock products","Netherlands (Kingdom of the)","Yield","Barley","2006","100 g/ha","60216"
"Crops and livestock products","Netherlands (Kingdom of the)","Yield","Barley","2007","100 g/ha","57778"
"Crops and livestock products","Netherlands (Kingdom of the)","Yield","Barley","2008","100 g/ha","61793"
"Crops and livestock products","Netherlands (Kingdom of the)","Yield","Barley","2009","100 g/ha","69648"
"Crops and livestock products","Netherlands (Kingdom of the)","Yield","Barley","2010","100 g/ha","61299"
"Crops and livestock products","Netherlands (Kingdom of the)","Yield","Barley","2011","100 g/ha","60452"
"Crops and livestock products","Netherlands (Kingdom of the)","Yield","Barley","2012","100 g/ha","68996"
"Crops and livestock products","Netherlands (Kingdom of the)","Yield","Barley","2013","100 g/ha","70282"
"Crops and livestock products","Netherlands (Kingdom of the)","Yield","Barley","2014","100 g/ha","71316"
"Crops and livestock products","Netherlands (Kingdom of the)","Yield","Barley","2015","100 g/ha","69860"
"Crops and livestock products","Netherlands (Kingdom of the)","Yield","Barley","2016","100 g/ha","68616"
"Crops and livestock products","Netherlands (Kingdom of the)","Yield","Barley","2017","100 g/ha","68747"
"Crops and livestock products","Netherlands (Kingdom of the)","Yield","Barley","2018","100 g/ha","68807"
"Crops and livestock products","Netherlands (Kingdom of the)","Yield","Barley","2019","100 g/ha","72588"
"Crops and livestock products","Netherlands (Kingdom of the)","Yield","Barley","2020","100 g/ha","64145"
"Crops and livestock products","Netherlands (Kingdom of the)","Yield","Maize (corn)","2006","100 g/ha","91529"
"Crops and livestock products","Netherlands (Kingdom of the)","Yield","Maize (corn)","2007","100 g/ha","119482"
"Crops and livestock products","Netherlands (Kingdom of the)","Yield","Maize (corn)","2008","100 g/ha","114163"
"Crops and livestock products","Netherlands (Kingdom of the)","Yield","Maize (corn)","2009","100 g/ha","129954"
"Crops and livestock products","Netherlands (Kingdom of the)","Yield","Maize (corn)","2010","100 g/ha","117673"
"Crops and livestock products","Netherlands (Kingdom of the)","Yield","Maize (corn)","2011","100 g/ha","123355"
"Crops and livestock products","Netherlands (Kingdom of the)","Yield","Maize (corn)","2012","100 g/ha","123420"
"Crops and livestock products","Netherlands (Kingdom of the)","Yield","Maize (corn)","2013","100 g/ha","119446"
"Crops and livestock products","Netherlands (Kingdom of the)","Yield","Maize (corn)","2014","100 g/ha","137419"
"Crops and livestock products","Netherlands (Kingdom of the)","Yield","Maize (corn)","2015","100 g/ha","108253"
"Crops and livestock products","Netherlands (Kingdom of the)","Yield","Maize (corn)","2016","100 g/ha","100476"
"Crops and livestock products","Netherlands (Kingdom of the)","Yield","Maize (corn)","2017","100 g/ha","134599"
"Crops and livestock products","Netherlands (Kingdom of the)","Yield","Maize (corn)","2018","100 g/ha","64884"
"Crops and livestock products","Netherlands (Kingdom of the)","Yield","Maize (corn)","2019","100 g/ha","78012"
"Crops and livestock products","Netherlands (Kingdom of the)","Yield","Maize (corn)","2020","100 g/ha","85371"
"Crops and livestock products","Netherlands (Kingdom of the)","Yield","Wheat","2006","100 g/ha","83940"
"Crops and livestock products","Netherlands (Kingdom of the)","Yield","Wheat","2007","100 g/ha","72714"
"Crops and livestock products","Netherlands (Kingdom of the)","Yield","Wheat","2008","100 g/ha","87295"
"Crops and livestock products","Netherlands (Kingdom of the)","Yield","Wheat","2009","100 g/ha","92919"
"Crops and livestock products","Netherlands (Kingdom of the)","Yield","Wheat","2010","100 g/ha","89092"
"Crops and livestock products","Netherlands (Kingdom of the)","Yield","Wheat","2011","100 g/ha","77812"
"Crops and livestock products","Netherlands (Kingdom of the)","Yield","Wheat","2012","100 g/ha","85870"
"Crops and livestock products","Netherlands (Kingdom of the)","Yield","Wheat","2013","100 g/ha","87412"
"Crops and livestock products","Netherlands (Kingdom of the)","Yield","Wheat","2014","100 g/ha","91698"
"Crops and livestock products","Netherlands (Kingdom of the)","Yield","Wheat","2015","100 g/ha","91255"
"Crops and livestock products","Netherlands (Kingdom of the)","Yield","Wheat","2016","100 g/ha","79832"
"Crops and livestock products","Netherlands (Kingdom of the)","Yield","Wheat","2017","100 g/ha","90935"
"Crops and livestock products","Netherlands (Kingdom of the)","Yield","Wheat","2018","100 g/ha","86147"
"Crops and livestock products","Netherlands (Kingdom of the)","Yield","Wheat","2019","100 g/ha","93781"
"Crops and livestock products","Netherlands (Kingdom of the)","Yield","Wheat","2020","100 g/ha","85560"
"Crops and livestock products","Poland","Yield","Barley","2006","100 g/ha","25898"
"Crops and livestock products","Poland","Yield","Barley","2007","100 g/ha","32523"
"Crops and livestock products","Poland","Yield","Barley","2008","100 g/ha","29998"
"Crops and livestock products","Poland","Yield","Barley","2009","100 g/ha","34433"
"Crops and livestock products","Poland","Yield","Barley","2010","100 g/ha","34997"
"Crops and livestock products","Poland","Yield","Barley","2011","100 g/ha","32671"
"Crops and livestock products","Poland","Yield","Barley","2012","100 g/ha","36018"
"Crops and livestock products","Poland","Yield","Barley","2013","100 g/ha","35776"
"Crops and livestock products","Poland","Yield","Barley","2014","100 g/ha","40516"
"Crops and livestock products","Poland","Yield","Barley","2015","100 g/ha","35277"
"Crops and livestock products","Poland","Yield","Barley","2016","100 g/ha","37594"
"Crops and livestock products","Poland","Yield","Barley","2017","100 g/ha","39768"
"Crops and livestock products","Poland","Yield","Barley","2018","100 g/ha","30659"
"Crops and livestock products","Poland","Yield","Barley","2019","100 g/ha","33955"
"Crops and livestock products","Poland","Yield","Barley","2020","100 g/ha","43595"
"Crops and livestock products","Poland","Yield","Maize (corn)","2006","100 g/ha","41609"
"Crops and livestock products","Poland","Yield","Maize (corn)","2007","100 g/ha","65743"
"Crops and livestock products","Poland","Yield","Maize (corn)","2008","100 g/ha","58149"
"Crops and livestock products","Poland","Yield","Maize (corn)","2009","100 g/ha","62262"
"Crops and livestock products","Poland","Yield","Maize (corn)","2010","100 g/ha","59824"
"Crops and livestock products","Poland","Yield","Maize (corn)","2011","100 g/ha","71770"
"Crops and livestock products","Poland","Yield","Maize (corn)","2012","100 g/ha","73481"
"Crops and livestock products","Poland","Yield","Maize (corn)","2013","100 g/ha","65761"
"Crops and livestock products","Poland","Yield","Maize (corn)","2014","100 g/ha","65881"
"Crops and livestock products","Poland","Yield","Maize (corn)","2015","100 g/ha","47087"
"Crops and livestock products","Poland","Yield","Maize (corn)","2016","100 g/ha","73173"
"Crops and livestock products","Poland","Yield","Maize (corn)","2017","100 g/ha","71545"
"Crops and livestock products","Poland","Yield","Maize (corn)","2018","100 g/ha","58756"
"Crops and livestock products","Poland","Yield","Maize (corn)","2019","100 g/ha","55110"
"Crops and livestock products","Poland","Yield","Maize (corn)","2020","100 g/ha","70763"
"Crops and livestock products","Poland","Yield","Wheat","2006","100 g/ha","32447"
"Crops and livestock products","Poland","Yield","Wheat","2007","100 g/ha","39381"
"Crops and livestock products","Poland","Yield","Wheat","2008","100 g/ha","40716"
"Crops and livestock products","Poland","Yield","Wheat","2009","100 g/ha","41725"
"Crops and livestock products","Poland","Yield","Wheat","2010","100 g/ha","44290"
"Crops and livestock products","Poland","Yield","Wheat","2011","100 g/ha","41348"
"Crops and livestock products","Poland","Yield","Wheat","2012","100 g/ha","41438"
"Crops and livestock products","Poland","Yield","Wheat","2013","100 g/ha","44367"
"Crops and livestock products","Poland","Yield","Wheat","2014","100 g/ha","49721"
"Crops and livestock products","Poland","Yield","Wheat","2015","100 g/ha","45744"
"Crops and livestock products","Poland","Yield","Wheat","2016","100 g/ha","45802"
"Crops and livestock products","Poland","Yield","Wheat","2017","100 g/ha","48773"
"Crops and livestock products","Poland","Yield","Wheat","2018","100 g/ha","39871"
"Crops and livestock products","Poland","Yield","Wheat","2019","100 g/ha","43035"
"Crops and livestock products","Poland","Yield","Wheat","2020","100 g/ha","52342"
"Crops and livestock products","Portugal","Yield","Barley","2006","100 g/ha","23903"
"Crops and livestock products","Portugal","Yield","Barley","2007","100 g/ha","19940"
"Crops and livestock products","Portugal","Yield","Barley","2008","100 g/ha","23170"
"Crops and livestock products","Portugal","Yield","Barley","2009","100 g/ha","17817"
"Crops and livestock products","Portugal","Yield","Barley","2010","100 g/ha","15140"
"Crops and livestock products","Portugal","Yield","Barley","2011","100 g/ha","12630"
"Crops and livestock products","Portugal","Yield","Barley","2012","100 g/ha","11531"
"Crops and livestock products","Portugal","Yield","Barley","2013","100 g/ha","17924"
"Crops and livestock products","Portugal","Yield","Barley","2014","100 g/ha","22088"
"Crops and livestock products","Portugal","Yield","Barley","2015","100 g/ha","20974"
"Crops and livestock products","Portugal","Yield","Barley","2016","100 g/ha","22605"
"Crops and livestock products","Portugal","Yield","Barley","2017","100 g/ha","23819"
"Crops and livestock products","Portugal","Yield","Barley","2018","100 g/ha","30365"
"Crops and livestock products","Portugal","Yield","Barley","2019","100 g/ha","32657"
"Crops and livestock products","Portugal","Yield","Barley","2020","100 g/ha","32571"
"Crops and livestock products","Portugal","Yield","Maize (corn)","2006","100 g/ha","52885"
"Crops and livestock products","Portugal","Yield","Maize (corn)","2007","100 g/ha","58412"
"Crops and livestock products","Portugal","Yield","Maize (corn)","2008","100 g/ha","63278"
"Crops and livestock products","Portugal","Yield","Maize (corn)","2009","100 g/ha","66936"
"Crops and livestock products","Portugal","Yield","Maize (corn)","2010","100 g/ha","69295"
"Crops and livestock products","Portugal","Yield","Maize (corn)","2011","100 g/ha","81040"
"Crops and livestock products","Portugal","Yield","Maize (corn)","2012","100 g/ha","83042"
"Crops and livestock products","Portugal","Yield","Maize (corn)","2013","100 g/ha","83149"
"Crops and livestock products","Portugal","Yield","Maize (corn)","2014","100 g/ha","83331"
"Crops and livestock products","Portugal","Yield","Maize (corn)","2015","100 g/ha","84520"
"Crops and livestock products","Portugal","Yield","Maize (corn)","2016","100 g/ha","80194"
"Crops and livestock products","Portugal","Yield","Maize (corn)","2017","100 g/ha","86121"
"Crops and livestock products","Portugal","Yield","Maize (corn)","2018","100 g/ha","85636"
"Crops and livestock products","Portugal","Yield","Maize (corn)","2019","100 g/ha","98043"
"Crops and livestock products","Portugal","Yield","Maize (corn)","2020","100 g/ha","93450"
"Crops and livestock products","Portugal","Yield","Wheat","2006","100 g/ha","23847"
"Crops and livestock products","Portugal","Yield","Wheat","2007","100 g/ha","18630"
"Crops and livestock products","Portugal","Yield","Wheat","2008","100 g/ha","23028"
"Crops and livestock products","Portugal","Yield","Wheat","2009","100 g/ha","17008"
"Crops and livestock products","Portugal","Yield","Wheat","2010","100 g/ha","14305"
"Crops and livestock products","Portugal","Yield","Wheat","2011","100 g/ha","12002"
"Crops and livestock products","Portugal","Yield","Wheat","2012","100 g/ha","10766"
"Crops and livestock products","Portugal","Yield","Wheat","2013","100 g/ha","17635"
"Crops and livestock products","Portugal","Yield","Wheat","2014","100 g/ha","20657"
"Crops and livestock products","Portugal","Yield","Wheat","2015","100 g/ha","20232"
"Crops and livestock products","Portugal","Yield","Wheat","2016","100 g/ha","23565"
"Crops and livestock products","Portugal","Yield","Wheat","2017","100 g/ha","20542"
"Crops and livestock products","Portugal","Yield","Wheat","2018","100 g/ha","25938"
"Crops and livestock products","Portugal","Yield","Wheat","2019","100 g/ha","27014"
"Crops and livestock products","Portugal","Yield","Wheat","2020","100 g/ha","27704"
"Crops and livestock products","Romania","Yield","Barley","2006","100 g/ha","23679"
"Crops and livestock products","Romania","Yield","Barley","2007","100 g/ha","15689"
"Crops and livestock products","Romania","Yield","Barley","2008","100 g/ha","31275"
"Crops and livestock products","Romania","Yield","Barley","2009","100 g/ha","22957"
"Crops and livestock products","Romania","Yield","Barley","2010","100 g/ha","25682"
"Crops and livestock products","Romania","Yield","Barley","2011","100 g/ha","31727"
"Crops and livestock products","Romania","Yield","Barley","2012","100 g/ha","23299"
"Crops and livestock products","Romania","Yield","Barley","2013","100 g/ha","31181"
"Crops and livestock products","Romania","Yield","Barley","2014","100 g/ha","33438"
"Crops and livestock products","Romania","Yield","Barley","2015","100 g/ha","34708"
"Crops and livestock products","Romania","Yield","Barley","2016","100 g/ha","37786"
"Crops and livestock products","Romania","Yield","Barley","2017","100 g/ha","41903"
"Crops and livestock products","Romania","Yield","Barley","2018","100 g/ha","44173"
"Crops and livestock products","Romania","Yield","Barley","2019","100 g/ha","41880"
"Crops and livestock products","Romania","Yield","Barley","2020","100 g/ha","25816"
"Crops and livestock products","Romania","Yield","Maize (corn)","2006","100 g/ha","35754"
"Crops and livestock products","Romania","Yield","Maize (corn)","2007","100 g/ha","17030"
"Crops and livestock products","Romania","Yield","Maize (corn)","2008","100 g/ha","32271"
"Crops and livestock products","Romania","Yield","Maize (corn)","2009","100 g/ha","34169"
"Crops and livestock products","Romania","Yield","Maize (corn)","2010","100 g/ha","43176"
"Crops and livestock products","Romania","Yield","Maize (corn)","2011","100 g/ha","45292"
"Crops and livestock products","Romania","Yield","Maize (corn)","2012","100 g/ha","21870"
"Crops and livestock products","Romania","Yield","Maize (corn)","2013","100 g/ha","44941"
"Crops and livestock products","Romania","Yield","Maize (corn)","2014","100 g/ha","47870"
"Crops and livestock products","Romania","Yield","Maize (corn)","2015","100 g/ha","34716"
"Crops and livestock products","Romania","Yield","Maize (corn)","2016","100 g/ha","41677"
"Crops and livestock products","Romania","Yield","Maize (corn)","2017","100 g/ha","59610"
"Crops and livestock products","Romania","Yield","Maize (corn)","2018","100 g/ha","76368"
"Crops and livestock products","Romania","Yield","Maize (corn)","2019","100 g/ha","64999"
"Crops and livestock products","Romania","Yield","Maize (corn)","2020","100 g/ha","39742"
"Crops and livestock products","Romania","Yield","Wheat","2006","100 g/ha","27737"
"Crops and livestock products","Romania","Yield","Wheat","2007","100 g/ha","16100"
"Crops and livestock products","Romania","Yield","Wheat","2008","100 g/ha","34222"
"Crops and livestock products","Romania","Yield","Wheat","2009","100 g/ha","24305"
"Crops and livestock products","Romania","Yield","Wheat","2010","100 g/ha","27000"
"Crops and livestock products","Romania","Yield","Wheat","2011","100 g/ha","36650"
"Crops and livestock products","Romania","Yield","Wheat","2012","100 g/ha","26593"
"Crops and livestock products","Romania","Yield","Wheat","2013","100 g/ha","34786"
"Crops and livestock products","Romania","Yield","Wheat","2014","100 g/ha","35984"
"Crops and livestock products","Romania","Yield","Wheat","2015","100 g/ha","37872"
"Crops and livestock products","Romania","Yield","Wheat","2016","100 g/ha","39484"
"Crops and livestock products","Romania","Yield","Wheat","2017","100 g/ha","48911"
"Crops and livestock products","Romania","Yield","Wheat","2018","100 g/ha","47935"
"Crops and livestock products","Romania","Yield","Wheat","2019","100 g/ha","47488"
"Crops and livestock products","Romania","Yield","Wheat","2020","100 g/ha","29660"
"Crops and livestock products","Slovakia","Yield","Barley","2006","100 g/ha","34781"
"Crops and livestock products","Slovakia","Yield","Barley","2007","100 g/ha","31421"
"Crops and livestock products","Slovakia","Yield","Barley","2008","100 g/ha","41836"
"Crops and livestock products","Slovakia","Yield","Barley","2009","100 g/ha","34494"
"Crops and livestock products","Slovakia","Yield","Barley","2010","100 g/ha","27171"
"Crops and livestock products","Slovakia","Yield","Barley","2011","100 g/ha","38680"
"Crops and livestock products","Slovakia","Yield","Barley","2012","100 g/ha","31791"
"Crops and livestock products","Slovakia","Yield","Barley","2013","100 g/ha","36771"
"Crops and livestock products","Slovakia","Yield","Barley","2014","100 g/ha","48684"
"Crops and livestock products","Slovakia","Yield","Barley","2015","100 g/ha","47762"
"Crops and livestock products","Slovakia","Yield","Barley","2016","100 g/ha","50848"
"Crops and livestock products","Slovakia","Yield","Barley","2017","100 g/ha","45316"
"Crops and livestock products","Slovakia","Yield","Barley","2018","100 g/ha","39216"
"Crops and livestock products","Slovakia","Yield","Barley","2019","100 g/ha","47445"
"Crops and livestock products","Slovakia","Yield","Barley","2020","100 g/ha","51918"
"Crops and livestock products","Slovakia","Yield","Maize (corn)","2006","100 g/ha","55516"
"Crops and livestock products","Slovakia","Yield","Maize (corn)","2007","100 g/ha","39675"
"Crops and livestock products","Slovakia","Yield","Maize (corn)","2008","100 g/ha","81732"
"Crops and livestock products","Slovakia","Yield","Maize (corn)","2009","100 g/ha","68503"
"Crops and livestock products","Slovakia","Yield","Maize (corn)","2010","100 g/ha","55306"
"Crops and livestock products","Slovakia","Yield","Maize (corn)","2011","100 g/ha","71489"
"Crops and livestock products","Slovakia","Yield","Maize (corn)","2012","100 g/ha","55118"
"Crops and livestock products","Slovakia","Yield","Maize (corn)","2013","100 g/ha","50704"
"Crops and livestock products","Slovakia","Yield","Maize (corn)","2014","100 g/ha","83914"
"Crops and livestock products","Slovakia","Yield","Maize (corn)","2015","100 g/ha","48540"
"Crops and livestock products","Slovakia","Yield","Maize (corn)","2016","100 g/ha","92537"
"Crops and livestock products","Slovakia","Yield","Maize (corn)","2017","100 g/ha","56769"
"Crops and livestock products","Slovakia","Yield","Maize (corn)","2018","100 g/ha","83685"
"Crops and livestock products","Slovakia","Yield","Maize (corn)","2019","100 g/ha","73251"
"Crops and livestock products","Slovakia","Yield","Maize (corn)","2020","100 g/ha","85788"
"Crops and livestock products","Slovakia","Yield","Wheat","2006","100 g/ha","38461"
"Crops and livestock products","Slovakia","Yield","Wheat","2007","100 g/ha","38249"
"Crops and livestock products","Slovakia","Yield","Wheat","2008","100 g/ha","48693"
"Crops and livestock products","Slovakia","Yield","Wheat","2009","100 g/ha","40557"
"Crops and livestock products","Slovakia","Yield","Wheat","2010","100 g/ha","34646"
"Crops and livestock products","Slovakia","Yield","Wheat","2011","100 g/ha","44953"
"Crops and livestock products","Slovakia","Yield","Wheat","2012","100 g/ha","32856"
"Crops and livestock products","Slovakia","Yield","Wheat","2013","100 g/ha","45808"
"Crops and livestock products","Slovakia","Yield","Wheat","2014","100 g/ha","54640"
"Crops and livestock products","Slovakia","Yield","Wheat","2015","100 g/ha","55098"
"Crops and livestock products","Slovakia","Yield","Wheat","2016","100 g/ha","58434"
"Crops and livestock products","Slovakia","Yield","Wheat","2017","100 g/ha","47386"
"Crops and livestock products","Slovakia","Yield","Wheat","2018","100 g/ha","47796"
"Crops and livestock products","Slovakia","Yield","Wheat","2019","100 g/ha","47666"
"Crops and livestock products","Slovakia","Yield","Wheat","2020","100 g/ha","55113"
"Crops and livestock products","Slovenia","Yield","Barley","2006","100 g/ha","36155"
"Crops and livestock products","Slovenia","Yield","Barley","2007","100 g/ha","36641"
"Crops and livestock products","Slovenia","Yield","Barley","2008","100 g/ha","39933"
"Crops and livestock products","Slovenia","Yield","Barley","2009","100 g/ha","35240"
"Crops and livestock products","Slovenia","Yield","Barley","2010","100 g/ha","42776"
"Crops and livestock products","Slovenia","Yield","Barley","2011","100 g/ha","45423"
"Crops and livestock products","Slovenia","Yield","Barley","2012","100 g/ha","47157"
"Crops and livestock products","Slovenia","Yield","Barley","2013","100 g/ha","40027"
"Crops and livestock products","Slovenia","Yield","Barley","2014","100 g/ha","48534"
"Crops and livestock products","Slovenia","Yield","Barley","2015","100 g/ha","46332"
"Crops and livestock products","Slovenia","Yield","Barley","2016","100 g/ha","47776"
"Crops and livestock products","Slovenia","Yield","Barley","2017","100 g/ha","48077"
"Crops and livestock products","Slovenia","Yield","Barley","2018","100 g/ha","41953"
"Crops and livestock products","Slovenia","Yield","Barley","2019","100 g/ha","48477"
"Crops and livestock products","Slovenia","Yield","Barley","2020","100 g/ha","55011"
"Crops and livestock products","Slovenia","Yield","Maize (corn)","2006","100 g/ha","69305"
"Crops and livestock products","Slovenia","Yield","Maize (corn)","2007","100 g/ha","75358"
"Crops and livestock products","Slovenia","Yield","Maize (corn)","2008","100 g/ha","73207"
"Crops and livestock products","Slovenia","Yield","Maize (corn)","2009","100 g/ha","78371"
"Crops and livestock products","Slovenia","Yield","Maize (corn)","2010","100 g/ha","85394"
"Crops and livestock products","Slovenia","Yield","Maize (corn)","2011","100 g/ha","86856"
"Crops and livestock products","Slovenia","Yield","Maize (corn)","2012","100 g/ha","70816"
"Crops and livestock products","Slovenia","Yield","Maize (corn)","2013","100 g/ha","54145"
"Crops and livestock products","Slovenia","Yield","Maize (corn)","2014","100 g/ha","91462"
"Crops and livestock products","Slovenia","Yield","Maize (corn)","2015","100 g/ha","89742"
"Crops and livestock products","Slovenia","Yield","Maize (corn)","2016","100 g/ha","95144"
"Crops and livestock products","Slovenia","Yield","Maize (corn)","2017","100 g/ha","71083"
"Crops and livestock products","Slovenia","Yield","Maize (corn)","2018","100 g/ha","94523"
"Crops and livestock products","Slovenia","Yield","Maize (corn)","2019","100 g/ha","92685"
"Crops and livestock products","Slovenia","Yield","Maize (corn)","2020","100 g/ha","107921"
"Crops and livestock products","Slovenia","Yield","Wheat","2006","100 g/ha","41907"
"Crops and livestock products","Slovenia","Yield","Wheat","2007","100 g/ha","41616"
"Crops and livestock products","Slovenia","Yield","Wheat","2008","100 g/ha","45265"
"Crops and livestock products","Slovenia","Yield","Wheat","2009","100 g/ha","39643"
"Crops and livestock products","Slovenia","Yield","Wheat","2010","100 g/ha","48044"
"Crops and livestock products","Slovenia","Yield","Wheat","2011","100 g/ha","51770"
"Crops and livestock products","Slovenia","Yield","Wheat","2012","100 g/ha","54376"
"Crops and livestock products","Slovenia","Yield","Wheat","2013","100 g/ha","43528"
"Crops and livestock products","Slovenia","Yield","Wheat","2014","100 g/ha","52302"
"Crops and livestock products","Slovenia","Yield","Wheat","2015","100 g/ha","51102"
"Crops and livestock products","Slovenia","Yield","Wheat","2016","100 g/ha","51863"
"Crops and livestock products","Slovenia","Yield","Wheat","2017","100 g/ha","50314"
"Crops and livestock products","Slovenia","Yield","Wheat","2018","100 g/ha","43817"
"Crops and livestock products","Slovenia","Yield","Wheat","2019","100 g/ha","52305"
"Crops and livestock products","Slovenia","Yield","Wheat","2020","100 g/ha","57963"
"Crops and livestock products","Spain","Yield","Barley","2006","100 g/ha","25447"
"Crops and livestock products","Spain","Yield","Barley","2007","100 g/ha","37001"
"Crops and livestock products","Spain","Yield","Barley","2008","100 g/ha","32524"
"Crops and livestock products","Spain","Yield","Barley","2009","100 g/ha","24121"
"Crops and livestock products","Spain","Yield","Barley","2010","100 g/ha","28259"
"Crops and livestock products","Spain","Yield","Barley","2011","100 g/ha","30685"
"Crops and livestock products","Spain","Yield","Barley","2012","100 g/ha","22133"
"Crops and livestock products","Spain","Yield","Barley","2013","100 g/ha","35934"
"Crops and livestock products","Spain","Yield","Barley","2014","100 g/ha","25010"
"Crops and livestock products","Spain","Yield","Barley","2015","100 g/ha","25800"
"Crops and livestock products","Spain","Yield","Barley","2016","100 g/ha","35800"
"Crops and livestock products","Spain","Yield","Barley","2017","100 g/ha","22275"
"Crops and livestock products","Spain","Yield","Barley","2018","100 g/ha","37184"
"Crops and livestock products","Spain","Yield","Barley","2019","100 g/ha","28751"
"Crops and livestock products","Spain","Yield","Barley","2020","100 g/ha","41707"
"Crops and livestock products","Spain","Yield","Maize (corn)","2006","100 g/ha","97437"
"Crops and livestock products","Spain","Yield","Maize (corn)","2007","100 g/ha","100027"
"Crops and livestock products","Spain","Yield","Maize (corn)","2008","100 g/ha","99061"
"Crops and livestock products","Spain","Yield","Maize (corn)","2009","100 g/ha","100749"
"Crops and livestock products","Spain","Yield","Maize (corn)","2010","100 g/ha","105553"
"Crops and livestock products","Spain","Yield","Maize (corn)","2011","100 g/ha","113738"
"Crops and livestock products","Spain","Yield","Maize (corn)","2012","100 g/ha","109164"
"Crops and livestock products","Spain","Yield","Maize (corn)","2013","100 g/ha","110445"
"Crops and livestock products","Spain","Yield","Maize (corn)","2014","100 g/ha","114114"
"Crops and livestock products","Spain","Yield","Maize (corn)","2015","100 g/ha","114610"
"Crops and livestock products","Spain","Yield","Maize (corn)","2016","100 g/ha","113270"
"Crops and livestock products","Spain","Yield","Maize (corn)","2017","100 g/ha","113169"
"Crops and livestock products","Spain","Yield","Maize (corn)","2018","100 g/ha","119196"
"Crops and livestock products","Spain","Yield","Maize (corn)","2019","100 g/ha","117268"
"Crops and livestock products","Spain","Yield","Maize (corn)","2020","100 g/ha","122581"
"Crops and livestock products","Spain","Yield","Wheat","2006","100 g/ha","28755"
"Crops and livestock products","Spain","Yield","Wheat","2007","100 g/ha","35692"
"Crops and livestock products","Spain","Yield","Wheat","2008","100 g/ha","32483"
"Crops and livestock products","Spain","Yield","Wheat","2009","100 g/ha","27103"
"Crops and livestock products","Spain","Yield","Wheat","2010","100 g/ha","30498"
"Crops and livestock products","Spain","Yield","Wheat","2011","100 g/ha","34475"
"Crops and livestock products","Spain","Yield","Wheat","2012","100 g/ha","23718"
"Crops and livestock products","Spain","Yield","Wheat","2013","100 g/ha","36447"
"Crops and livestock products","Spain","Yield","Wheat","2014","100 g/ha","29806"
"Crops and livestock products","Spain","Yield","Wheat","2015","100 g/ha","29236"
"Crops and livestock products","Spain","Yield","Wheat","2016","100 g/ha","34886"
"Crops and livestock products","Spain","Yield","Wheat","2017","100 g/ha","23263"
"Crops and livestock products","Spain","Yield","Wheat","2018","100 g/ha","40328"
"Crops and livestock products","Spain","Yield","Wheat","2019","100 g/ha","31463"
"Crops and livestock products","Spain","Yield","Wheat","2020","100 g/ha","42532"
"Crops and livestock products","Sweden","Yield","Barley","2006","100 g/ha","36184"
"Crops and livestock products","Sweden","Yield","Barley","2007","100 g/ha","44843"
"Crops and livestock products","Sweden","Yield","Barley","2008","100 g/ha","41853"
"Crops and livestock products","Sweden","Yield","Barley","2009","100 g/ha","46459"
"Crops and livestock products","Sweden","Yield","Barley","2010","100 g/ha","39713"
"Crops and livestock products","Sweden","Yield","Barley","2011","100 g/ha","43625"
"Crops and livestock products","Sweden","Yield","Barley","2012","100 g/ha","46117"
"Crops and livestock products","Sweden","Yield","Barley","2013","100 g/ha","50041"
"Crops and livestock products","Sweden","Yield","Barley","2014","100 g/ha","47835"
"Crops and livestock products","Sweden","Yield","Barley","2015","100 g/ha","52451"
"Crops and livestock products","Sweden","Yield","Barley","2016","100 g/ha","48032"
"Crops and livestock products","Sweden","Yield","Barley","2017","100 g/ha","52850"
"Crops and livestock products","Sweden","Yield","Barley","2018","100 g/ha","30332"
"Crops and livestock products","Sweden","Yield","Barley","2019","100 g/ha","53006"
"Crops and livestock products","Sweden","Yield","Barley","2020","100 g/ha","51715"
"Crops and livestock products","Sweden","Yield","Maize (corn)","2018","100 g/ha","41441"
"Crops and livestock products","Sweden","Yield","Maize (corn)","2019","100 g/ha","69753"
"Crops and livestock products","Sweden","Yield","Maize (corn)","2020","100 g/ha","67568"
"Crops and livestock products","Sweden","Yield","Wheat","2006","100 g/ha","54627"
"Crops and livestock products","Sweden","Yield","Wheat","2007","100 g/ha","62571"
"Crops and livestock products","Sweden","Yield","Wheat","2008","100 g/ha","61087"
"Crops and livestock products","Sweden","Yield","Wheat","2009","100 g/ha","60776"
"Crops and livestock products","Sweden","Yield","Wheat","2010","100 g/ha","53966"
"Crops and livestock products","Sweden","Yield","Wheat","2011","100 g/ha","53786"
"Crops and livestock products","Sweden","Yield","Wheat","2012","100 g/ha","62379"
"Crops and livestock products","Sweden","Yield","Wheat","2013","100 g/ha","57792"
"Crops and livestock products","Sweden","Yield","Wheat","2014","100 g/ha","68060"
"Crops and livestock products","Sweden","Yield","Wheat","2015","100 g/ha","72132"
"Crops and livestock products","Sweden","Yield","Wheat","2016","100 g/ha","63204"
"Crops and livestock products","Sweden","Yield","Wheat","2017","100 g/ha","69891"
"Crops and livestock products","Sweden","Yield","Wheat","2018","100 g/ha","43498"
"Crops and livestock products","Sweden","Yield","Wheat","2019","100 g/ha","74055"
"Crops and livestock products","Sweden","Yield","Wheat","2020","100 g/ha","71561"
